Name,LinkType,Destructible,DestructionDelay,EffectMultiplierKill,EffectMultiplierDestroy,EffectsMaskKill,EffectsMaskDestroy,HullIndexFirst,HullType,ScaleX,ScaleY,ScaleZ,PositionX,PositionY,PositionZ,OrientationW,OrientationX,OrientationY,OrientationZ,ObjectMass,ObjectMaterial,ObjectMaximumLife,ObjectArmor,DestructionDelay,EffectMultiplierKill,EffectMultiplierDestroy,EffectsMaskKill,EffectsMaskDestroy,LocalDirectionX,LocalDirectionY,LocalDirectionZ,Fitness
Argos-baseline,0,1,0.0,1.0,1.0,00000001010000000000000000010000,00000001010000000000000000010110,0,0,1.0,1.0,1.0,0.0,-0.297,-0.179,1.0,0.0,0.0,0.0,1.0,5,100.0,0.0,0.0,1.0,1.0,00000001010000000000000000010000,00000001010000000000000000010110,0.0,0.0,0.0,1
Argos-baseline,0,1,0.0,1.0,1.0,00000001010000000000000000010000,00000001010000000000000000010110,0,0,1.0,1.0,1.0,0.0,-0.297,-0.179,1.0,0.0,0.0,0.0,1.0,5,100.0,0.0,0.0,1.0,1.0,00000001010000000000000000010000,00000001010000000000000000010110,0.0,0.0,0.0,1
Argos-baseline,0,1,0.0,1.0,1.0,00000001010000000000000000010000,00000001010000000000000000010110,0,0,1.0,1.0,1.0,0.0,-0.297,-0.179,1.0,0.0,0.0,0.0,1.0,5,100.0,0.0,0.0,1.0,1.0,00000001010000000000000000010000,00000001010000000000000000010110,0.0,0.0,0.0,1
Argos-baseline,0,1,0.0,1.0,1.0,00000001010000000000000000010000,00000001010000000000000000010110,0,0,1.0,1.0,1.0,0.0,-0.297,-0.179,1.0,0.0,0.0,0.0,1.0,5,100.0,0.0,0.0,1.0,1.0,00000001010000000000000000010000,00000001010000000000000000010110,0.0,0.0,0.0,1
Argos-baseline,3,1,0.0,1.0,1.0,00000001010000000000000000010000,00000001010000000000000000010110,0,0,1.0,1.0,1.0,0.0,-0.297,-0.179,1.0,0.0,0.0,0.0,1.0,5,100.0,0.0,0.0,1.0,1.0,00000001010000000000000000010000,00000001010000000000000000010110,0.0,0.0,0.0,1
Argos-baseline,3,1,0.0,1.0,1.0,00000001010000000000000000010000,00000001010000000000000000010110,0,0,1.0,1.0,1.0,0.0,-0.297,-0.179,1.0,0.0,0.0,0.0,1.0,5,100.0,0.0,0.0,1.0,1.0,00000001010000000000000000010000,00000001010000000000000000010110,0.0,0.0,0.0,1
Argos-baseline,3,1,0.0,1.0,1.0,00000001010000000000000000010000,00000001010000000000000000010110,0,0,1.0,1.0,1.0,0.0,-0.297,-0.179,1.0,0.0,0.0,0.0,1.0,5,100.0,0.0,0.0,1.0,1.0,00000001010000000000000000010000,00000001010000000000000000010110,0.0,0.0,0.0,1
Argos-baseline,3,1,0.0,1.0,1.0,00000001010000000000000000010000,00000001010000000000000000010110,0,0,1.0,1.0,1.0,0.0,-0.297,-0.179,1.0,0.0,0.0,0.0,1.0,5,100.0,0.0,0.0,1.0,1.0,00000001010000000000000000010000,00000001010000000000000000010110,0.0,0.0,0.0,1
Argos-baseline,3,1,0.0,1.0,1.0,00000001010000000000000000010000,00000001010000000000000000010110,0,0,1.0,1.0,1.0,0.0,-0.297,-0.179,1.0,0.0,0.0,0.0,1.0,5,100.0,0.0,0.0,1.0,1.0,00000001010000000000000000010000,00000001010000000000000000010110,0.0,0.0,0.0,1
Argos-baseline,3,1,0.0,1.0,1.0,00000001010000000000000000010000,00000001010000000000000000010110,0,0,1.0,1.0,1.0,0.0,-0.297,-0.179,1.0,0.0,0.0,0.0,1.0,5,100.0,0.0,0.0,1.0,1.0,00000001010000000000000000010000,00000001010000000000000000010110,0.0,0.0,0.0,1
Argos-baseline,3,1,0.0,1.0,1.0,00000001010000000000000000010000,00000001010000000000000000010110,9,0,1.0,1.0,1.0,-0.583,0.0,-0.222,1.0,0.0,0.0,0.0,0.01,5,100.0,0.0,0.0,1.0,1.0,00000001010000000000000000010000,00000001010000000000000000010110,0.0,0.0,0.0,1
Argos-baseline,3,1,0.0,1.0,1.0,00000001010000000000000000010000,00000001010000000000000000010110,9,0,1.0,1.0,1.0,-0.583,0.0,-0.222,1.0,0.0,0.0,0.0,0.01,5,100.0,0.0,0.0,1.0,1.0,00000001010000000000000000010000,00000001010000000000000000010110,0.0,0.0,0.0,1
Argos-baseline,3,1,0.0,1.0,1.0,00000001010000000000000000010000,00000001010000000000000000010110,9,0,1.0,1.0,1.0,-0.583,0.0,-0.222,1.0,0.0,0.0,0.0,0.01,5,100.0,0.0,0.0,1.0,1.0,00000001010000000000000000010000,00000001010000000000000000010110,0.0,0.0,0.0,1
Argos-baseline,3,1,0.0,1.0,1.0,00000001010000000000000000010000,00000001010000000000000000010110,9,0,1.0,1.0,1.0,-0.583,0.0,-0.222,1.0,0.0,0.0,0.0,0.01,5,100.0,0.0,0.0,1.0,1.0,00000001010000000000000000010000,00000001010000000000000000010110,0.0,0.0,0.0,1
Argos-baseline,3,1,0.0,1.0,1.0,00000001010000000000000000010000,00000001010000000000000000010110,9,0,1.0,1.0,1.0,-0.583,0.0,-0.222,1.0,0.0,0.0,0.0,0.01,5,100.0,0.0,0.0,1.0,1.0,00000001010000000000000000010000,00000001010000000000000000010110,0.0,0.0,0.0,1
Argos-baseline,3,1,0.0,1.0,1.0,00000001010000000000000000010000,00000001010000000000000000010110,10,0,1.0,1.0,1.0,0.583,0.0,-0.222,0.0,0.0,0.0,1.0,0.01,5,100.0,0.0,0.0,1.0,1.0,00000001010000000000000000010000,00000001010000000000000000010110,0.0,0.0,0.0,1
Argos-baseline,3,1,0.0,1.0,1.0,00000001010000000000000000010000,00000001010000000000000000010110,10,0,1.0,1.0,1.0,0.583,0.0,-0.222,0.0,0.0,0.0,1.0,0.01,5,100.0,0.0,0.0,1.0,1.0,00000001010000000000000000010000,00000001010000000000000000010110,0.0,0.0,0.0,1
Argos-baseline,3,1,0.0,1.0,1.0,00000001010000000000000000010000,00000001010000000000000000010110,10,0,1.0,1.0,1.0,0.583,0.0,-0.222,0.0,0.0,0.0,1.0,0.01,5,100.0,0.0,0.0,1.0,1.0,00000001010000000000000000010000,00000001010000000000000000010110,0.0,0.0,0.0,1
Argos-baseline,3,1,0.0,1.0,1.0,00000001010000000000000000010000,00000001010000000000000000010110,10,0,1.0,1.0,1.0,0.583,0.0,-0.222,0.0,0.0,0.0,1.0,0.01,5,100.0,0.0,0.0,1.0,1.0,00000001010000000000000000010000,00000001010000000000000000010110,0.0,0.0,0.0,1
Argos-baseline,3,1,0.0,1.0,1.0,00000001010000000000000000010000,00000001010000000000000000010110,10,0,1.0,1.0,1.0,0.583,0.0,-0.222,0.0,0.0,0.0,1.0,0.01,5,100.0,0.0,0.0,1.0,1.0,00000001010000000000000000010000,00000001010000000000000000010110,0.0,0.0,0.0,1
Argos-baseline,0,1,0.0,1.0,1.0,00000001010000000000000000010000,00000001010000000000000000010110,0,0,1.0,1.0,1.0,0.0,-0.297,-0.179,1.0,0.0,0.0,0.0,1.0,5,100.0,0.0,0.0,1.0,1.0,00000001010000000000000000010000,00000001010000000000000000010110,0.0,0.0,0.0,1
Argos-baseline,0,1,0.0,1.0,1.0,00000001010000000000000000010000,00000001010000000000000000010110,21,1,1.0,1.0,1.0,0.0,0.067,3.022,1.0,0.0,0.0,0.0,0.01,5,500.0,0.0,0.0,1.0,1.0,00000001010000000000000000010000,00000001010000000000000000010110,0.0,0.0,0.0,1
Argos-baseline,0,1,0.0,1.0,1.0,00000001010000000000000000010000,00000001010000000000000000010110,21,1,1.0,1.0,1.0,0.0,0.067,3.022,1.0,0.0,0.0,0.0,0.01,5,500.0,0.0,0.0,1.0,1.0,00000001010000000000000000010000,00000001010000000000000000010110,0.0,0.0,0.0,1
Argos-baseline,0,1,0.0,1.0,1.0,00000001010000000000000000010000,00000001010000000000000000010110,21,1,1.0,1.0,1.0,0.0,0.067,3.022,1.0,0.0,0.0,0.0,0.01,5,500.0,0.0,0.0,1.0,1.0,00000001010000000000000000010000,00000001010000000000000000010110,0.0,0.0,0.0,1
Argos-baseline,0,1,0.0,1.0,1.0,00000001010000000000000000010000,00000001010000000000000000010110,21,1,1.0,1.0,1.0,0.0,0.067,3.022,1.0,0.0,0.0,0.0,0.01,5,500.0,0.0,0.0,1.0,1.0,00000001010000000000000000010000,00000001010000000000000000010110,0.0,0.0,0.0,1
Argos-baseline,0,1,0.0,1.0,1.0,00000001010000000000000000010000,00000001010000000000000000010110,24,1,1.0,1.0,1.0,-0.583,0.0,2.849,1.0,0.0,0.0,0.0,0.01,5,-1.0,0.0,0.0,1.0,1.0,00000001010000000000000000010000,00000001010000000000000000010110,0.0,0.0,0.0,1
Argos-baseline,0,1,0.0,1.0,1.0,00000001010000000000000000010000,00000001010000000000000000010110,25,1,1.0,1.0,1.0,0.583,0.0,2.849,0.0,0.0,0.0,1.0,0.01,5,-1.0,0.0,0.0,1.0,1.0,00000001010000000000000000010000,00000001010000000000000000010110,0.0,0.0,0.0,1
Argos-baseline,0,1,0.0,1.0,1.0,00000001010000000000000000010000,00000001010000000000000000010110,26,1,1.0,1.0,1.0,-0.983,0.0,2.609,1.0,0.0,0.0,0.0,0.01,5,-1.0,0.0,0.0,1.0,1.0,00000001010000000000000000010000,00000001010000000000000000010110,0.0,0.0,0.0,1
Argos-baseline,0,1,0.0,1.0,1.0,00000001010000000000000000010000,00000001010000000000000000010110,26,1,1.0,1.0,1.0,-0.983,0.0,2.609,1.0,0.0,0.0,0.0,0.01,5,-1.0,0.0,0.0,1.0,1.0,00000001010000000000000000010000,00000001010000000000000000010110,0.0,0.0,0.0,1
Argos-baseline,0,1,0.0,1.0,1.0,00000001010000000000000000010000,00000001010000000000000000010110,27,1,1.0,1.0,1.0,0.983,0.0,2.609,0.0,0.0,0.0,1.0,0.01,5,-1.0,0.0,0.0,1.0,1.0,00000001010000000000000000010000,00000001010000000000000000010110,0.0,0.0,0.0,1
Argos-baseline,0,1,0.0,1.0,1.0,00000001010000000000000000010000,00000001010000000000000000010110,27,1,1.0,1.0,1.0,0.983,0.0,2.609,0.0,0.0,0.0,1.0,0.01,5,-1.0,0.0,0.0,1.0,1.0,00000001010000000000000000010000,00000001010000000000000000010110,0.0,0.0,0.0,1
Argos-baseline,0,1,0.0,1.0,1.0,00000001010000000000000000010000,00000001010000000000000000010110,24,1,1.0,1.0,1.0,-0.583,0.0,2.849,1.0,0.0,0.0,0.0,0.01,5,-1.0,0.0,0.0,1.0,1.0,00000001010000000000000000010000,00000001010000000000000000010110,0.0,0.0,0.0,1
Argos-baseline,0,1,0.0,1.0,1.0,00000001010000000000000000010000,00000001010000000000000000010110,25,1,1.0,1.0,1.0,0.583,0.0,2.849,0.0,0.0,0.0,1.0,0.01,5,-1.0,0.0,0.0,1.0,1.0,00000001010000000000000000010000,00000001010000000000000000010110,0.0,0.0,0.0,1
Argos-baseline,3,1,0.0,1.0,1.0,00000001010000000000000000010000,00000001010000000000000000010110,22,1,1.0,1.0,1.0,0.0,0.468,2.396,1.0,0.0,0.0,0.0,0.01,5,-1.0,0.0,0.0,1.0,1.0,00000001010000000000000000010000,00000001010000000000000000010110,0.0,0.0,0.0,1
Argos-baseline,3,1,0.0,1.0,1.0,00000001010000000000000000010000,00000001010000000000000000010110,23,1,1.0,1.0,1.0,0.0,-0.468,2.396,0.0,0.0,0.0,1.0,0.01,5,-1.0,0.0,0.0,1.0,1.0,00000001010000000000000000010000,00000001010000000000000000010110,0.0,0.0,0.0,1
BossNightmare-baseline,1,0,0.0,1.0,1.0,00000001010000000000000000010110,00000001010000000000000000010110,0,0,1.0,1.0,1.0,0.0,0.0,0.0,1.0,0.0,0.0,0.0,0.1,5,1000.0,0.0,0.0,1.0,1.0,00000001010000000000000000010110,00000001010000000000000000010110,0.0,0.0,0.0,1
BossNightmare-baseline,1,0,0.0,1.0,1.0,00000001010000000000000000010110,00000001010000000000000000010110,0,0,1.0,1.0,1.0,0.0,0.0,0.0,1.0,0.0,0.0,0.0,0.1,5,1000.0,0.0,0.0,1.0,1.0,00000001010000000000000000010110,00000001010000000000000000010110,0.0,0.0,0.0,1
BossNightmare-baseline,1,0,0.0,1.0,1.0,00000001010000000000000000010110,00000001010000000000000000010110,0,0,1.0,1.0,1.0,0.0,0.0,0.0,1.0,0.0,0.0,0.0,0.1,5,1000.0,0.0,0.0,1.0,1.0,00000001010000000000000000010110,00000001010000000000000000010110,0.0,0.0,0.0,1
BossNightmare-baseline,1,0,0.0,1.0,1.0,00000001010000000000000000010110,00000001010000000000000000010110,0,0,1.0,1.0,1.0,0.0,0.0,0.0,1.0,0.0,0.0,0.0,0.1,5,1000.0,0.0,0.0,1.0,1.0,00000001010000000000000000010110,00000001010000000000000000010110,0.0,0.0,0.0,1
BossNightmare-baseline,1,0,0.0,1.0,1.0,00000001010000000000000000010110,00000001010000000000000000010110,0,0,1.0,1.0,1.0,0.0,0.0,0.0,1.0,0.0,0.0,0.0,0.1,5,1000.0,0.0,0.0,1.0,1.0,00000001010000000000000000010110,00000001010000000000000000010110,0.0,0.0,0.0,1
BossNightmare-baseline,1,0,0.0,1.0,1.0,00000001010000000000000000010110,00000001010000000000000000010110,0,0,1.0,1.0,1.0,0.0,0.0,0.0,1.0,0.0,0.0,0.0,0.1,5,1000.0,0.0,0.0,1.0,1.0,00000001010000000000000000010110,00000001010000000000000000010110,0.0,0.0,0.0,1
BossNightmare-baseline,1,0,0.0,1.0,1.0,00000001010000000000000000010110,00000001010000000000000000010110,0,0,1.0,1.0,1.0,0.0,0.0,0.0,1.0,0.0,0.0,0.0,0.1,5,1000.0,0.0,0.0,1.0,1.0,00000001010000000000000000010110,00000001010000000000000000010110,0.0,0.0,0.0,1
BossNightmare-baseline,1,0,0.0,1.0,1.0,00000001010000000000000000010110,00000001010000000000000000010110,0,0,1.0,1.0,1.0,0.0,0.0,0.0,1.0,0.0,0.0,0.0,0.1,5,1000.0,0.0,0.0,1.0,1.0,00000001010000000000000000010110,00000001010000000000000000010110,0.0,0.0,0.0,1
BossNightmare-baseline,1,0,0.0,1.0,1.0,00000001010000000000000000010110,00000001010000000000000000010110,0,0,1.0,1.0,1.0,0.0,0.0,0.0,1.0,0.0,0.0,0.0,0.1,5,1000.0,0.0,0.0,1.0,1.0,00000001010000000000000000010110,00000001010000000000000000010110,0.0,0.0,0.0,1
DaimonAlpha-baseline,1,0,0.0,1.0,1.0,00000001010000000000000000010110,00000001010000000000000000010110,0,0,1.0,1.0,1.0,0.0,0.0,0.0,1.0,0.0,0.0,0.0,10.0,5,50.0,0.0,0.0,1.0,1.0,00000001010000000000000000010110,00000001010000000000000000010110,0.0,0.0,0.0,1
DaimonAlpha-baseline,1,0,0.0,1.0,1.0,00000001010000000000000000010110,00000001010000000000000000010110,0,0,1.0,1.0,1.0,0.0,0.0,0.0,1.0,0.0,0.0,0.0,10.0,5,50.0,0.0,0.0,1.0,1.0,00000001010000000000000000010110,00000001010000000000000000010110,0.0,0.0,0.0,1
DaimonAlpha-baseline,1,0,0.0,1.0,1.0,00000001010000000000000000010110,00000001010000000000000000010110,0,0,1.0,1.0,1.0,0.0,0.0,0.0,1.0,0.0,0.0,0.0,10.0,5,50.0,0.0,0.0,1.0,1.0,00000001010000000000000000010110,00000001010000000000000000010110,0.0,0.0,0.0,1
DaimonAlpha-baseline,1,0,0.0,1.0,1.0,00000001010000000000000000010110,00000001010000000000000000010110,0,0,1.0,1.0,1.0,0.0,0.0,0.0,1.0,0.0,0.0,0.0,10.0,5,50.0,0.0,0.0,1.0,1.0,00000001010000000000000000010110,00000001010000000000000000010110,0.0,0.0,0.0,1
DaimonBeta-baseline,1,0,0.0,1.0,1.0,00000001010000000000000000010100,00000001010000000000000000010110,0,0,1.0,1.0,1.0,0.0,0.0,0.0,1.0,0.0,0.0,0.0,2.0,5,40.0,0.0,0.0,1.0,1.0,00000001010000000000000000010100,00000001010000000000000000010110,0.0,0.0,0.0,1
DaimonBeta-baseline,1,0,0.0,1.0,1.0,00000001010000000000000000010100,00000001010000000000000000010110,0,0,1.0,1.0,1.0,0.0,0.0,0.0,1.0,0.0,0.0,0.0,2.0,5,40.0,0.0,0.0,1.0,1.0,00000001010000000000000000010100,00000001010000000000000000010110,0.0,0.0,0.0,1
DaimonBeta-baseline,1,0,0.0,1.0,1.0,00000001010000000000000000010100,00000001010000000000000000010110,0,0,1.0,1.0,1.0,0.0,0.0,0.0,1.0,0.0,0.0,0.0,2.0,5,40.0,0.0,0.0,1.0,1.0,00000001010000000000000000010100,00000001010000000000000000010110,0.0,0.0,0.0,1
DaimonBeta-baseline,1,0,0.0,1.0,1.0,00000001010000000000000000010100,00000001010000000000000000010110,0,0,1.0,1.0,1.0,0.0,0.0,0.0,1.0,0.0,0.0,0.0,2.0,5,40.0,0.0,0.0,1.0,1.0,00000001010000000000000000010100,00000001010000000000000000010110,0.0,0.0,0.0,1
DaimonBeta-baseline,0,1,0.0,1.0,1.0,00000001010000000000000000010100,00000001010000000000000000010110,0,0,1.0,1.0,1.0,0.0,0.0,0.0,1.0,0.0,0.0,0.0,2.0,5,40.0,0.0,0.0,1.0,1.0,00000001010000000000000000010100,00000001010000000000000000010110,0.0,0.0,0.0,1
DaimonBeta-baseline,0,1,0.0,1.0,1.0,00000001010000000000000000010100,00000001010000000000000000010110,1,1,1.5,1.5,1.5,-1.9,0.0,0.0,0.0,0.0,0.0,1.0,0.5,5,10.0,0.0,0.0,1.0,1.0,00000001010000000000000000010100,00000001010000000000000000010110,0.0,0.0,0.0,1
DaimonBeta-baseline,0,1,0.0,1.0,1.0,00000001010000000000000000010100,00000001010000000000000000010110,1,1,1.5,1.5,1.5,-1.9,0.0,0.0,0.0,0.0,0.0,1.0,0.5,5,10.0,0.0,0.0,1.0,1.0,00000001010000000000000000010100,00000001010000000000000000010110,0.0,0.0,0.0,1
DaimonBeta-baseline,0,1,0.0,1.0,1.0,00000001010000000000000000010100,00000001010000000000000000010110,1,1,1.5,1.5,1.5,-1.9,0.0,0.0,0.0,0.0,0.0,1.0,0.5,5,10.0,0.0,0.0,1.0,1.0,00000001010000000000000000010100,00000001010000000000000000010110,0.0,0.0,0.0,1
DaimonBeta-baseline,0,1,0.0,1.0,1.0,00000001010000000000000000010100,00000001010000000000000000010110,0,0,1.0,1.0,1.0,0.0,0.0,0.0,1.0,0.0,0.0,0.0,2.0,5,40.0,0.0,0.0,1.0,1.0,00000001010000000000000000010100,00000001010000000000000000010110,0.0,0.0,0.0,1
DaimonBeta-baseline,0,1,0.0,1.0,1.0,00000001010000000000000000010100,00000001010000000000000000010110,5,1,1.5,1.5,1.5,1.9,0.0,0.0,1.0,0.0,0.0,0.0,0.5,5,10.0,0.0,0.0,1.0,1.0,00000001010000000000000000010100,00000001010000000000000000010110,0.0,0.0,0.0,1
DaimonBeta-baseline,0,1,0.0,1.0,1.0,00000001010000000000000000010100,00000001010000000000000000010110,5,1,1.5,1.5,1.5,1.9,0.0,0.0,1.0,0.0,0.0,0.0,0.5,5,10.0,0.0,0.0,1.0,1.0,00000001010000000000000000010100,00000001010000000000000000010110,0.0,0.0,0.0,1
DaimonBeta-baseline,0,1,0.0,1.0,1.0,00000001010000000000000000010100,00000001010000000000000000010110,5,1,1.5,1.5,1.5,1.9,0.0,0.0,1.0,0.0,0.0,0.0,0.5,5,10.0,0.0,0.0,1.0,1.0,00000001010000000000000000010100,00000001010000000000000000010110,0.0,0.0,0.0,1
DaimonBladeLauncher-baseline,1,0,0.0,1.0,1.0,00000001010000000000000000010110,00000001010000000000000000010110,0,0,1.0,1.0,1.0,0.0,0.0,0.0,1.0,0.0,0.0,0.0,10.0,5,100.0,0.0,0.0,1.0,1.0,00000001010000000000000000010110,00000001010000000000000000010110,0.0,0.0,0.0,1
DaimonBladeLauncher-baseline,1,0,0.0,1.0,1.0,00000001010000000000000000010110,00000001010000000000000000010110,0,0,1.0,1.0,1.0,0.0,0.0,0.0,1.0,0.0,0.0,0.0,10.0,5,100.0,0.0,0.0,1.0,1.0,00000001010000000000000000010110,00000001010000000000000000010110,0.0,0.0,0.0,1
DaimonBladeLauncher-baseline,1,0,0.0,1.0,1.0,00000001010000000000000000010110,00000001010000000000000000010110,0,0,1.0,1.0,1.0,0.0,0.0,0.0,1.0,0.0,0.0,0.0,10.0,5,100.0,0.0,0.0,1.0,1.0,00000001010000000000000000010110,00000001010000000000000000010110,0.0,0.0,0.0,1
DaimonBladeLauncher-baseline,1,0,0.0,1.0,1.0,00000001010000000000000000010110,00000001010000000000000000010110,0,0,1.0,1.0,1.0,0.0,0.0,0.0,1.0,0.0,0.0,0.0,10.0,5,100.0,0.0,0.0,1.0,1.0,00000001010000000000000000010110,00000001010000000000000000010110,0.0,0.0,0.0,1
DaimonDelta-baseline,0,1,0.0,1.0,1.0,00000001010000000000000000010110,00000001010000000000000000010110,0,0,1.0,1.0,1.0,0.0,0.0,0.0,1.0,0.0,0.0,0.0,0.2,5,50.0,0.0,0.0,1.0,1.0,00000001010000000000000000010110,00000001010000000000000000010110,0.0,0.0,0.0,1
DaimonDelta-baseline,0,1,0.0,1.0,1.0,00000001010000000000000000010110,00000001010000000000000000010110,1,1,0.75,0.75,0.75,-1.38,0.0,0.0,1.0,0.0,0.0,0.0,0.03,5,10.0,0.0,0.0,1.0,1.0,00000001010000000000000000010110,00000001010000000000000000010110,0.0,0.0,0.0,1
DaimonDelta-baseline,0,1,0.0,1.0,1.0,00000001010000000000000000010110,00000001010000000000000000010110,0,0,1.0,1.0,1.0,0.0,0.0,0.0,1.0,0.0,0.0,0.0,0.2,5,50.0,0.0,0.0,1.0,1.0,00000001010000000000000000010110,00000001010000000000000000010110,0.0,0.0,0.0,1
DaimonDelta-baseline,0,1,0.0,1.0,1.0,00000001010000000000000000010110,00000001010000000000000000010110,3,1,0.75,0.75,0.75,1.38,0.0,0.0,1.0,0.0,0.0,0.0,0.03,5,10.0,0.0,0.0,1.0,1.0,00000001010000000000000000010110,00000001010000000000000000010110,0.0,0.0,0.0,1
DaimonDelta-baseline,0,1,0.0,1.0,1.0,00000001010000000000000000010110,00000001010000000000000000010110,0,0,1.0,1.0,1.0,0.0,0.0,0.0,1.0,0.0,0.0,0.0,0.2,5,50.0,0.0,0.0,1.0,1.0,00000001010000000000000000010110,00000001010000000000000000010110,0.0,0.0,0.0,1
DaimonDelta-baseline,0,1,0.0,1.0,1.0,00000001010000000000000000010110,00000001010000000000000000010110,5,1,0.75,0.75,0.75,0.0,1.38,0.0,1.0,0.0,0.0,0.0,0.03,5,10.0,0.0,0.0,1.0,1.0,00000001010000000000000000010110,00000001010000000000000000010110,0.0,0.0,0.0,1
DaimonDelta-baseline,0,1,0.0,1.0,1.0,00000001010000000000000000010110,00000001010000000000000000010110,0,0,1.0,1.0,1.0,0.0,0.0,0.0,1.0,0.0,0.0,0.0,0.2,5,50.0,0.0,0.0,1.0,1.0,00000001010000000000000000010110,00000001010000000000000000010110,0.0,0.0,0.0,1
DaimonDelta-baseline,0,1,0.0,1.0,1.0,00000001010000000000000000010110,00000001010000000000000000010110,7,1,0.75,0.75,0.75,0.0,-1.38,0.0,1.0,0.0,0.0,0.0,0.03,5,10.0,0.0,0.0,1.0,1.0,00000001010000000000000000010110,00000001010000000000000000010110,0.0,0.0,0.0,1
DaimonEpsilon-baseline,0,1,0.0,1.0,1.0,00000001010000000000000000010110,00000001010000000000000000010110,1,1,0.24,0.24,0.24,0.0,0.875999,0.0,1.0,0.0,0.0,0.0,0.05,5,30.0,0.0,0.0,1.0,1.0,00000001010000000000000000010110,00000001010000000000000000010110,0.0,0.0,0.0,1
DaimonEpsilon-baseline,0,1,0.0,1.0,1.0,00000001010000000000000000010110,00000001010000000000000000010110,0,0,1.0,1.0,1.0,0.0,0.0,0.0,1.0,0.0,0.0,0.0,1.0,5,300.0,0.0,0.0,1.0,1.0,00000001010000000000000000010110,00000001010000000000000000010110,0.0,0.0,0.0,1
DaimonEpsilon-baseline,0,1,0.0,1.0,1.0,00000001010000000000000000010110,00000001010000000000000000010110,0,0,1.0,1.0,1.0,0.0,0.0,0.0,1.0,0.0,0.0,0.0,1.0,5,300.0,0.0,0.0,1.0,1.0,00000001010000000000000000010110,00000001010000000000000000010110,0.0,0.0,0.0,1
DaimonEpsilon-baseline,0,1,0.0,1.0,1.0,00000001010000000000000000010110,00000001010000000000000000010110,3,1,0.24,0.24,0.24,0.0,-0.875999,0.0,1.0,0.0,0.0,0.0,0.05,5,30.0,0.0,0.0,1.0,1.0,00000001010000000000000000010110,00000001010000000000000000010110,0.0,0.0,0.0,1
DaimonEpsilon-baseline,0,1,0.0,1.0,1.0,00000001010000000000000000010110,00000001010000000000000000010110,0,0,1.0,1.0,1.0,0.0,0.0,0.0,1.0,0.0,0.0,0.0,1.0,5,300.0,0.0,0.0,1.0,1.0,00000001010000000000000000010110,00000001010000000000000000010110,0.0,0.0,0.0,1
DaimonEpsilon-baseline,0,1,0.0,1.0,1.0,00000001010000000000000000010110,00000001010000000000000000010110,0,0,1.0,1.0,1.0,0.0,0.0,0.0,1.0,0.0,0.0,0.0,1.0,5,300.0,0.0,0.0,1.0,1.0,00000001010000000000000000010110,00000001010000000000000000010110,0.0,0.0,0.0,1
DaimonEpsilon-baseline,0,1,0.0,1.0,1.0,00000001010000000000000000010110,00000001010000000000000000010110,5,1,0.24,0.24,0.24,-0.82,0.36,0.0,1.0,0.0,0.0,0.0,0.05,5,30.0,0.0,0.0,1.0,1.0,00000001010000000000000000010110,00000001010000000000000000010110,0.0,0.0,0.0,1
DaimonEpsilon-baseline,0,1,0.0,1.0,1.0,00000001010000000000000000010110,00000001010000000000000000010110,6,1,0.24,0.24,0.24,-0.82,-0.36,0.0,1.0,0.0,0.0,0.0,0.05,5,30.0,0.0,0.0,1.0,1.0,00000001010000000000000000010110,00000001010000000000000000010110,0.0,0.0,0.0,1
DaimonEpsilon-baseline,0,1,0.0,1.0,1.0,00000001010000000000000000010110,00000001010000000000000000010110,0,0,1.0,1.0,1.0,0.0,0.0,0.0,1.0,0.0,0.0,0.0,1.0,5,300.0,0.0,0.0,1.0,1.0,00000001010000000000000000010110,00000001010000000000000000010110,0.0,0.0,0.0,1
DaimonEpsilon-baseline,0,1,0.0,1.0,1.0,00000001010000000000000000010110,00000001010000000000000000010110,0,0,1.0,1.0,1.0,0.0,0.0,0.0,1.0,0.0,0.0,0.0,1.0,5,300.0,0.0,0.0,1.0,1.0,00000001010000000000000000010110,00000001010000000000000000010110,0.0,0.0,0.0,1
DaimonEpsilon-baseline,0,1,0.0,1.0,1.0,00000001010000000000000000010110,00000001010000000000000000010110,9,1,0.24,0.24,0.24,0.82,0.36,0.0,1.0,0.0,0.0,0.0,0.05,5,30.0,0.0,0.0,1.0,1.0,00000001010000000000000000010110,00000001010000000000000000010110,0.0,0.0,0.0,1
DaimonEpsilon-baseline,0,1,0.0,1.0,1.0,00000001010000000000000000010110,00000001010000000000000000010110,10,1,0.24,0.24,0.24,0.82,-0.36,0.0,1.0,0.0,0.0,0.0,0.05,5,30.0,0.0,0.0,1.0,1.0,00000001010000000000000000010110,00000001010000000000000000010110,0.0,0.0,0.0,1
DaimonEpsilon-baseline,1,0,0.0,1.0,1.0,00000001010000000000000000010110,00000001010000000000000000010110,2,0,0.34,0.34,0.34,0.0,1.36,0.0,1.0,0.0,0.0,0.0,0.05,5,30.0,0.0,0.0,1.0,1.0,00000001010000000000000000010110,00000001010000000000000000010110,0.0,0.0,0.0,1
DaimonEpsilon-baseline,1,0,0.0,1.0,1.0,00000001010000000000000000010110,00000001010000000000000000010110,4,0,0.34,0.34,0.34,0.0,-1.36,0.0,0.0,0.0,0.0,1.0,0.05,5,30.0,0.0,0.0,1.0,1.0,00000001010000000000000000010110,00000001010000000000000000010110,0.0,0.0,0.0,1
DaimonGamma-baseline,0,1,0.0,1.0,1.0,00000001010000000000000000010110,00000001010000000000000000010110,0,0,1.0,1.0,1.0,0.0,0.0,0.0,1.0,0.0,0.0,0.0,0.2,5,50.0,0.0,0.0,1.0,1.0,00000001010000000000000000010110,00000001010000000000000000010110,0.0,0.0,0.0,1
DaimonGamma-baseline,0,1,0.0,1.0,1.0,00000001010000000000000000010110,00000001010000000000000000010110,1,1,0.75,0.75,0.75,-1.38,0.0,0.0,1.0,0.0,0.0,0.0,0.03,5,10.0,0.0,0.0,1.0,1.0,00000001010000000000000000010110,00000001010000000000000000010110,0.0,0.0,0.0,1
DaimonGamma-baseline,0,1,0.0,1.0,1.0,00000001010000000000000000010110,00000001010000000000000000010110,0,0,1.0,1.0,1.0,0.0,0.0,0.0,1.0,0.0,0.0,0.0,0.2,5,50.0,0.0,0.0,1.0,1.0,00000001010000000000000000010110,00000001010000000000000000010110,0.0,0.0,0.0,1
DaimonGamma-baseline,0,1,0.0,1.0,1.0,00000001010000000000000000010110,00000001010000000000000000010110,3,1,0.75,0.75,0.75,1.38,0.0,0.0,1.0,0.0,0.0,0.0,0.03,5,10.0,0.0,0.0,1.0,1.0,00000001010000000000000000010110,00000001010000000000000000010110,0.0,0.0,0.0,1
DaimonKnight-baseline,1,0,0.0,1.0,1.0,00000001010000000000000000010110,00000001010000000000000000010110,0,0,1.0,1.0,1.0,0.0,0.0,0.0,1.0,0.0,0.0,0.0,10.0,5,100.0,0.0,0.0,1.0,1.0,00000001010000000000000000010110,00000001010000000000000000010110,0.0,0.0,0.0,1
DaimonKnight-baseline,1,0,0.0,1.0,1.0,00000001010000000000000000010110,00000001010000000000000000010110,0,0,1.0,1.0,1.0,0.0,0.0,0.0,1.0,0.0,0.0,0.0,10.0,5,100.0,0.0,0.0,1.0,1.0,00000001010000000000000000010110,00000001010000000000000000010110,0.0,0.0,0.0,1
DaimonKnight-baseline,1,0,0.0,1.0,1.0,00000001010000000000000000010110,00000001010000000000000000010110,0,0,1.0,1.0,1.0,0.0,0.0,0.0,1.0,0.0,0.0,0.0,10.0,5,100.0,0.0,0.0,1.0,1.0,00000001010000000000000000010110,00000001010000000000000000010110,0.0,0.0,0.0,1
DaimonKnight-baseline,1,0,0.0,1.0,1.0,00000001010000000000000000010110,00000001010000000000000000010110,0,0,1.0,1.0,1.0,0.0,0.0,0.0,1.0,0.0,0.0,0.0,10.0,5,100.0,0.0,0.0,1.0,1.0,00000001010000000000000000010110,00000001010000000000000000010110,0.0,0.0,0.0,1
DaimonObstacle-baseline,1,0,0.0,1.0,1.0,00000001010000000000000000010110,00000001010000000000000000010110,0,0,1.0,1.0,1.0,0.0,0.0,0.0,1.0,0.0,0.0,0.0,10.0,5,100.0,0.0,0.0,1.0,1.0,00000001010000000000000000010110,00000001010000000000000000010110,0.0,0.0,0.0,1
DaimonObstacle-baseline,1,0,0.0,1.0,1.0,00000001010000000000000000010110,00000001010000000000000000010110,0,0,1.0,1.0,1.0,0.0,0.0,0.0,1.0,0.0,0.0,0.0,10.0,5,100.0,0.0,0.0,1.0,1.0,00000001010000000000000000010110,00000001010000000000000000010110,0.0,0.0,0.0,1
DaimonObstacle-baseline,1,0,0.0,1.0,1.0,00000001010000000000000000010110,00000001010000000000000000010110,0,0,1.0,1.0,1.0,0.0,0.0,0.0,1.0,0.0,0.0,0.0,10.0,5,100.0,0.0,0.0,1.0,1.0,00000001010000000000000000010110,00000001010000000000000000010110,0.0,0.0,0.0,1
DaimonObstacle-baseline,1,0,0.0,1.0,1.0,00000001010000000000000000010110,00000001010000000000000000010110,0,0,1.0,1.0,1.0,0.0,0.0,0.0,1.0,0.0,0.0,0.0,10.0,5,100.0,0.0,0.0,1.0,1.0,00000001010000000000000000010110,00000001010000000000000000010110,0.0,0.0,0.0,1
DaimonTrial-baseline,0,1,0.0,1.0,1.0,00000001010000000000000000010100,00000001010000000000000000010110,0,0,1.0,1.0,1.0,0.0,0.0,0.0,1.0,0.0,0.0,0.0,10.0,5,50.0,0.0,0.0,1.0,1.0,00000001010000000000000000010100,00000001010000000000000000010110,0.0,0.0,0.0,1
DaimonTrial-baseline,0,1,0.0,1.0,1.0,00000001010000000000000000010100,00000001010000000000000000010110,0,0,1.0,1.0,1.0,0.0,0.0,0.0,1.0,0.0,0.0,0.0,10.0,5,50.0,0.0,0.0,1.0,1.0,00000001010000000000000000010100,00000001010000000000000000010110,0.0,0.0,0.0,1
DaimonTrial-baseline,0,1,0.0,1.0,1.0,00000001010000000000000000010100,00000001010000000000000000010110,0,0,1.0,1.0,1.0,0.0,0.0,0.0,1.0,0.0,0.0,0.0,10.0,5,50.0,0.0,0.0,1.0,1.0,00000001010000000000000000010100,00000001010000000000000000010110,0.0,0.0,0.0,1
DaimonTrial-baseline,0,1,0.0,1.0,1.0,00000001010000000000000000010100,00000001010000000000000000010110,0,0,1.0,1.0,1.0,0.0,0.0,0.0,1.0,0.0,0.0,0.0,10.0,5,50.0,0.0,0.0,1.0,1.0,00000001010000000000000000010100,00000001010000000000000000010110,0.0,0.0,0.0,1
DaimonTrial-baseline,0,1,0.0,1.0,1.0,00000001010000000000000000010100,00000001010000000000000000010110,0,0,1.0,1.0,1.0,0.0,0.0,0.0,1.0,0.0,0.0,0.0,10.0,5,50.0,0.0,0.0,1.0,1.0,00000001010000000000000000010100,00000001010000000000000000010110,0.0,0.0,0.0,1
DaimonTrial-baseline,0,1,0.0,1.0,1.0,00000001010000000000000000010100,00000001010000000000000000010110,0,0,1.0,1.0,1.0,0.0,0.0,0.0,1.0,0.0,0.0,0.0,10.0,5,50.0,0.0,0.0,1.0,1.0,00000001010000000000000000010100,00000001010000000000000000010110,0.0,0.0,0.0,1
DaimonTrial-baseline,0,1,0.0,1.0,1.0,00000001010000000000000000010100,00000001010000000000000000010110,0,0,1.0,1.0,1.0,0.0,0.0,0.0,1.0,0.0,0.0,0.0,10.0,5,50.0,0.0,0.0,1.0,1.0,00000001010000000000000000010100,00000001010000000000000000010110,0.0,0.0,0.0,1
DaimonTrial-baseline,0,1,0.0,1.0,1.0,00000001010000000000000000010100,00000001010000000000000000010110,0,0,1.0,1.0,1.0,0.0,0.0,0.0,1.0,0.0,0.0,0.0,10.0,5,50.0,0.0,0.0,1.0,1.0,00000001010000000000000000010100,00000001010000000000000000010110,0.0,0.0,0.0,1
DaimonTrial-baseline,0,1,0.0,1.0,1.0,00000001010000000000000000010100,00000001010000000000000000010110,0,0,1.0,1.0,1.0,0.0,0.0,0.0,1.0,0.0,0.0,0.0,10.0,5,50.0,0.0,0.0,1.0,1.0,00000001010000000000000000010100,00000001010000000000000000010110,0.0,0.0,0.0,1
DaimonTrial-baseline,0,1,0.0,1.0,1.0,00000001010000000000000000010100,00000001010000000000000000010110,0,0,1.0,1.0,1.0,0.0,0.0,0.0,1.0,0.0,0.0,0.0,10.0,5,50.0,0.0,0.0,1.0,1.0,00000001010000000000000000010100,00000001010000000000000000010110,0.0,0.0,0.0,1
DaimonTrial-baseline,0,1,0.0,1.0,1.0,00000001010000000000000000010100,00000001010000000000000000010110,0,0,1.0,1.0,1.0,0.0,0.0,0.0,1.0,0.0,0.0,0.0,10.0,5,50.0,0.0,0.0,1.0,1.0,00000001010000000000000000010100,00000001010000000000000000010110,0.0,0.0,0.0,1
DaimonTrial-baseline,0,1,0.0,1.0,1.0,00000001010000000000000000010100,00000001010000000000000000010110,0,0,1.0,1.0,1.0,0.0,0.0,0.0,1.0,0.0,0.0,0.0,10.0,5,50.0,0.0,0.0,1.0,1.0,00000001010000000000000000010100,00000001010000000000000000010110,0.0,0.0,0.0,1
DaimonTrial-baseline,0,1,0.0,1.0,1.0,00000001010000000000000000010100,00000001010000000000000000010110,0,0,1.0,1.0,1.0,0.0,0.0,0.0,1.0,0.0,0.0,0.0,10.0,5,50.0,0.0,0.0,1.0,1.0,00000001010000000000000000010100,00000001010000000000000000010110,0.0,0.0,0.0,1
DaimonTrial-baseline,0,1,0.0,1.0,1.0,00000001010000000000000000010100,00000001010000000000000000010110,0,0,1.0,1.0,1.0,0.0,0.0,0.0,1.0,0.0,0.0,0.0,10.0,5,50.0,0.0,0.0,1.0,1.0,00000001010000000000000000010100,00000001010000000000000000010110,0.0,0.0,0.0,1
DaimonTrial-baseline,0,1,0.0,1.0,1.0,00000001010000000000000000010100,00000001010000000000000000010110,0,0,1.0,1.0,1.0,0.0,0.0,0.0,1.0,0.0,0.0,0.0,10.0,5,50.0,0.0,0.0,1.0,1.0,00000001010000000000000000010100,00000001010000000000000000010110,0.0,0.0,0.0,1
DaimonTrial-baseline,0,1,0.0,1.0,1.0,00000001010000000000000000010100,00000001010000000000000000010110,0,0,1.0,1.0,1.0,0.0,0.0,0.0,1.0,0.0,0.0,0.0,10.0,5,50.0,0.0,0.0,1.0,1.0,00000001010000000000000000010100,00000001010000000000000000010110,0.0,0.0,0.0,1
DaimonTrial-baseline,0,1,0.0,1.0,1.0,00000001010000000000000000010100,00000001010000000000000000010110,0,0,1.0,1.0,1.0,0.0,0.0,0.0,1.0,0.0,0.0,0.0,10.0,5,50.0,0.0,0.0,1.0,1.0,00000001010000000000000000010100,00000001010000000000000000010110,0.0,0.0,0.0,1
DaimonTrial-baseline,0,1,0.0,1.0,1.0,00000001010000000000000000010100,00000001010000000000000000010110,0,0,1.0,1.0,1.0,0.0,0.0,0.0,1.0,0.0,0.0,0.0,10.0,5,50.0,0.0,0.0,1.0,1.0,00000001010000000000000000010100,00000001010000000000000000010110,0.0,0.0,0.0,1
DaimonTrial-baseline,0,1,0.0,1.0,1.0,00000001010000000000000000010100,00000001010000000000000000010110,0,0,1.0,1.0,1.0,0.0,0.0,0.0,1.0,0.0,0.0,0.0,10.0,5,50.0,0.0,0.0,1.0,1.0,00000001010000000000000000010100,00000001010000000000000000010110,0.0,0.0,0.0,1
DaimonTrial-baseline,0,1,0.0,1.0,1.0,00000001010000000000000000010100,00000001010000000000000000010110,0,0,1.0,1.0,1.0,0.0,0.0,0.0,1.0,0.0,0.0,0.0,10.0,5,50.0,0.0,0.0,1.0,1.0,00000001010000000000000000010100,00000001010000000000000000010110,0.0,0.0,0.0,1
DaimonTurretCompound-baseline,1,0,0.0,1.0,1.0,00000001010000000000000000010110,00000001010000000000000000010110,0,0,1.0,1.0,1.0,0.0,0.0,0.0,1.0,0.0,0.0,0.0,100.0,5,70.0,0.0,0.0,1.0,1.0,00000001010000000000000000010110,00000001010000000000000000010110,0.0,0.0,0.0,1
DaimonTurretCompound-baseline,1,0,0.0,1.0,1.0,00000001010000000000000000010110,00000001010000000000000000010110,0,0,1.0,1.0,1.0,0.0,0.0,0.0,1.0,0.0,0.0,0.0,100.0,5,70.0,0.0,0.0,1.0,1.0,00000001010000000000000000010110,00000001010000000000000000010110,0.0,0.0,0.0,1
DaimonTurretCompound-baseline,1,0,0.0,1.0,1.0,00000001010000000000000000010110,00000001010000000000000000010110,0,0,1.0,1.0,1.0,0.0,0.0,0.0,1.0,0.0,0.0,0.0,100.0,5,70.0,0.0,0.0,1.0,1.0,00000001010000000000000000010110,00000001010000000000000000010110,0.0,0.0,0.0,1
DaimonTurretCompound-baseline,1,0,0.0,1.0,1.0,00000001010000000000000000010110,00000001010000000000000000010110,0,0,1.0,1.0,1.0,0.0,0.0,0.0,1.0,0.0,0.0,0.0,100.0,5,70.0,0.0,0.0,1.0,1.0,00000001010000000000000000010110,00000001010000000000000000010110,0.0,0.0,0.0,1
DaimonTurretCompound-baseline,0,1,0.0,1.0,1.0,00000001010000000000000000010110,00000001010000000000000000010110,0,0,1.0,1.0,1.0,0.0,0.0,0.0,1.0,0.0,0.0,0.0,100.0,5,70.0,0.0,0.0,1.0,1.0,00000001010000000000000000010110,00000001010000000000000000010110,0.0,0.0,0.0,1
DaimonTurretCompound-baseline,0,1,0.0,1.0,1.0,00000001010000000000000000010110,00000001010000000000000000010110,1,1,1.5,1.5,1.5,-1.9,0.0,0.0,0.0,0.0,0.0,1.0,10.0,5,30.0,0.0,0.0,1.0,1.0,00000001010000000000000000010110,00000001010000000000000000010110,0.0,0.0,0.0,1
DaimonTurretCompound-baseline,0,1,0.0,1.0,1.0,00000001010000000000000000010110,00000001010000000000000000010110,1,1,1.5,1.5,1.5,-1.9,0.0,0.0,0.0,0.0,0.0,1.0,10.0,5,30.0,0.0,0.0,1.0,1.0,00000001010000000000000000010110,00000001010000000000000000010110,0.0,0.0,0.0,1
DaimonTurretCompound-baseline,0,1,0.0,1.0,1.0,00000001010000000000000000010110,00000001010000000000000000010110,1,1,1.5,1.5,1.5,-1.9,0.0,0.0,0.0,0.0,0.0,1.0,10.0,5,30.0,0.0,0.0,1.0,1.0,00000001010000000000000000010110,00000001010000000000000000010110,0.0,0.0,0.0,1
DaimonTurretCompound-baseline,0,1,0.0,1.0,1.0,00000001010000000000000000010110,00000001010000000000000000010110,0,0,1.0,1.0,1.0,0.0,0.0,0.0,1.0,0.0,0.0,0.0,100.0,5,70.0,0.0,0.0,1.0,1.0,00000001010000000000000000010110,00000001010000000000000000010110,0.0,0.0,0.0,1
DaimonTurretCompound-baseline,0,1,0.0,1.0,1.0,00000001010000000000000000010110,00000001010000000000000000010110,5,1,1.5,1.5,1.5,1.9,0.0,0.0,1.0,0.0,0.0,0.0,10.0,5,30.0,0.0,0.0,1.0,1.0,00000001010000000000000000010110,00000001010000000000000000010110,0.0,0.0,0.0,1
DaimonTurretCompound-baseline,0,1,0.0,1.0,1.0,00000001010000000000000000010110,00000001010000000000000000010110,5,1,1.5,1.5,1.5,1.9,0.0,0.0,1.0,0.0,0.0,0.0,10.0,5,30.0,0.0,0.0,1.0,1.0,00000001010000000000000000010110,00000001010000000000000000010110,0.0,0.0,0.0,1
DaimonTurretCompound-baseline,0,1,0.0,1.0,1.0,00000001010000000000000000010110,00000001010000000000000000010110,5,1,1.5,1.5,1.5,1.9,0.0,0.0,1.0,0.0,0.0,0.0,10.0,5,30.0,0.0,0.0,1.0,1.0,00000001010000000000000000010110,00000001010000000000000000010110,0.0,0.0,0.0,1
DaimonTurretCompoundLaser-baseline,1,0,0.0,1.0,1.0,00000001010000000000000000010100,00000001010000000000000000010110,0,0,1.0,1.0,1.0,0.0,0.0,0.0,1.0,0.0,0.0,0.0,100.0,5,70.0,0.0,0.0,1.0,1.0,00000001010000000000000000010100,00000001010000000000000000010110,0.0,0.0,0.0,1
DaimonTurretCompoundLaser-baseline,1,0,0.0,1.0,1.0,00000001010000000000000000010100,00000001010000000000000000010110,0,0,1.0,1.0,1.0,0.0,0.0,0.0,1.0,0.0,0.0,0.0,100.0,5,70.0,0.0,0.0,1.0,1.0,00000001010000000000000000010100,00000001010000000000000000010110,0.0,0.0,0.0,1
DaimonTurretCompoundLaser-baseline,1,0,0.0,1.0,1.0,00000001010000000000000000010100,00000001010000000000000000010110,0,0,1.0,1.0,1.0,0.0,0.0,0.0,1.0,0.0,0.0,0.0,100.0,5,70.0,0.0,0.0,1.0,1.0,00000001010000000000000000010100,00000001010000000000000000010110,0.0,0.0,0.0,1
DaimonTurretCompoundLaser-baseline,1,0,0.0,1.0,1.0,00000001010000000000000000010100,00000001010000000000000000010110,0,0,1.0,1.0,1.0,0.0,0.0,0.0,1.0,0.0,0.0,0.0,100.0,5,70.0,0.0,0.0,1.0,1.0,00000001010000000000000000010100,00000001010000000000000000010110,0.0,0.0,0.0,1
DaimonTurretCompoundLaser-baseline,0,1,0.0,1.0,1.0,00000001010000000000000000010100,00000001010000000000000000010110,0,0,1.0,1.0,1.0,0.0,0.0,0.0,1.0,0.0,0.0,0.0,100.0,5,70.0,0.0,0.0,1.0,1.0,00000001010000000000000000010100,00000001010000000000000000010110,0.0,0.0,0.0,1
DaimonTurretCompoundLaser-baseline,0,1,0.0,1.0,1.0,00000001010000000000000000010100,00000001010000000000000000010110,1,1,1.5,1.5,1.5,-1.9,0.0,0.0,0.0,0.0,0.0,1.0,10.0,5,30.0,0.0,0.0,1.0,1.0,00000001010000000000000000010100,00000001010000000000000000010110,0.0,0.0,0.0,1
DaimonTurretCompoundLaser-baseline,0,1,0.0,1.0,1.0,00000001010000000000000000010100,00000001010000000000000000010110,1,1,1.5,1.5,1.5,-1.9,0.0,0.0,0.0,0.0,0.0,1.0,10.0,5,30.0,0.0,0.0,1.0,1.0,00000001010000000000000000010100,00000001010000000000000000010110,0.0,0.0,0.0,1
DaimonTurretCompoundLaser-baseline,0,1,0.0,1.0,1.0,00000001010000000000000000010100,00000001010000000000000000010110,1,1,1.5,1.5,1.5,-1.9,0.0,0.0,0.0,0.0,0.0,1.0,10.0,5,30.0,0.0,0.0,1.0,1.0,00000001010000000000000000010100,00000001010000000000000000010110,0.0,0.0,0.0,1
DaimonTurretCompoundLaser-baseline,0,1,0.0,1.0,1.0,00000001010000000000000000010100,00000001010000000000000000010110,0,0,1.0,1.0,1.0,0.0,0.0,0.0,1.0,0.0,0.0,0.0,100.0,5,70.0,0.0,0.0,1.0,1.0,00000001010000000000000000010100,00000001010000000000000000010110,0.0,0.0,0.0,1
DaimonTurretCompoundLaser-baseline,0,1,0.0,1.0,1.0,00000001010000000000000000010100,00000001010000000000000000010110,5,1,1.5,1.5,1.5,1.9,0.0,0.0,1.0,0.0,0.0,0.0,10.0,5,30.0,0.0,0.0,1.0,1.0,00000001010000000000000000010100,00000001010000000000000000010110,0.0,0.0,0.0,1
DaimonTurretCompoundLaser-baseline,0,1,0.0,1.0,1.0,00000001010000000000000000010100,00000001010000000000000000010110,5,1,1.5,1.5,1.5,1.9,0.0,0.0,1.0,0.0,0.0,0.0,10.0,5,30.0,0.0,0.0,1.0,1.0,00000001010000000000000000010100,00000001010000000000000000010110,0.0,0.0,0.0,1
DaimonTurretCompoundLaser-baseline,0,1,0.0,1.0,1.0,00000001010000000000000000010100,00000001010000000000000000010110,5,1,1.5,1.5,1.5,1.9,0.0,0.0,1.0,0.0,0.0,0.0,10.0,5,30.0,0.0,0.0,1.0,1.0,00000001010000000000000000010100,00000001010000000000000000010110,0.0,0.0,0.0,1
DaimonZeta-baseline,0,1,0.0,1.0,1.0,00000001010000000000000000010110,00000001010000000000000000010110,1,1,0.24,0.24,0.24,0.0,0.875999,0.0,1.0,0.0,0.0,0.0,0.05,5,10.0,0.0,0.0,1.0,1.0,00000001010000000000000000010110,00000001010000000000000000010110,0.0,0.0,0.0,1
DaimonZeta-baseline,0,1,0.0,1.0,1.0,00000001010000000000000000010110,00000001010000000000000000010110,0,0,1.0,1.0,1.0,0.0,0.0,0.0,1.0,0.0,0.0,0.0,1.0,5,200.0,0.0,0.0,1.0,1.0,00000001010000000000000000010110,00000001010000000000000000010110,0.0,0.0,0.0,1
DaimonZeta-baseline,0,1,0.0,1.0,1.0,00000001010000000000000000010110,00000001010000000000000000010110,0,0,1.0,1.0,1.0,0.0,0.0,0.0,1.0,0.0,0.0,0.0,1.0,5,200.0,0.0,0.0,1.0,1.0,00000001010000000000000000010110,00000001010000000000000000010110,0.0,0.0,0.0,1
DaimonZeta-baseline,0,1,0.0,1.0,1.0,00000001010000000000000000010110,00000001010000000000000000010110,3,1,0.24,0.24,0.24,0.0,-0.875999,0.0,1.0,0.0,0.0,0.0,0.05,5,10.0,0.0,0.0,1.0,1.0,00000001010000000000000000010110,00000001010000000000000000010110,0.0,0.0,0.0,1
DaimonZeta-baseline,0,1,0.0,1.0,1.0,00000001010000000000000000010110,00000001010000000000000000010110,0,0,1.0,1.0,1.0,0.0,0.0,0.0,1.0,0.0,0.0,0.0,1.0,5,200.0,0.0,0.0,1.0,1.0,00000001010000000000000000010110,00000001010000000000000000010110,0.0,0.0,0.0,1
DaimonZeta-baseline,0,1,0.0,1.0,1.0,00000001010000000000000000010110,00000001010000000000000000010110,0,0,1.0,1.0,1.0,0.0,0.0,0.0,1.0,0.0,0.0,0.0,1.0,5,200.0,0.0,0.0,1.0,1.0,00000001010000000000000000010110,00000001010000000000000000010110,0.0,0.0,0.0,1
DaimonZeta-baseline,0,1,0.0,1.0,1.0,00000001010000000000000000010110,00000001010000000000000000010110,0,0,1.0,1.0,1.0,0.0,0.0,0.0,1.0,0.0,0.0,0.0,1.0,5,200.0,0.0,0.0,1.0,1.0,00000001010000000000000000010110,00000001010000000000000000010110,0.0,0.0,0.0,1
DaimonZeta-baseline,0,1,0.0,1.0,1.0,00000001010000000000000000010110,00000001010000000000000000010110,0,0,1.0,1.0,1.0,0.0,0.0,0.0,1.0,0.0,0.0,0.0,1.0,5,200.0,0.0,0.0,1.0,1.0,00000001010000000000000000010110,00000001010000000000000000010110,0.0,0.0,0.0,1
DaimonZeta-baseline,0,1,0.0,1.0,1.0,00000001010000000000000000010110,00000001010000000000000000010110,6,1,0.24,0.24,0.24,-0.82,0.36,0.0,1.0,0.0,0.0,0.0,0.05,5,10.0,0.0,0.0,1.0,1.0,00000001010000000000000000010110,00000001010000000000000000010110,0.0,0.0,0.0,1
DaimonZeta-baseline,0,1,0.0,1.0,1.0,00000001010000000000000000010110,00000001010000000000000000010110,7,1,0.24,0.24,0.24,-0.82,-0.36,0.0,1.0,0.0,0.0,0.0,0.05,5,10.0,0.0,0.0,1.0,1.0,00000001010000000000000000010110,00000001010000000000000000010110,0.0,0.0,0.0,1
DaimonZeta-baseline,0,1,0.0,1.0,1.0,00000001010000000000000000010110,00000001010000000000000000010110,5,1,0.24,0.24,0.24,-0.64,0.875999,0.12,1.0,0.0,0.0,0.0,0.05,5,10.0,0.0,0.0,1.0,1.0,00000001010000000000000000010110,00000001010000000000000000010110,0.0,0.0,0.0,1
DaimonZeta-baseline,0,1,0.0,1.0,1.0,00000001010000000000000000010110,00000001010000000000000000010110,8,1,0.24,0.24,0.24,-0.64,-0.875999,0.12,1.0,0.0,0.0,0.0,0.05,5,10.0,0.0,0.0,1.0,1.0,00000001010000000000000000010110,00000001010000000000000000010110,0.0,0.0,0.0,1
DaimonZeta-baseline,0,1,0.0,1.0,1.0,00000001010000000000000000010110,00000001010000000000000000010110,0,0,1.0,1.0,1.0,0.0,0.0,0.0,1.0,0.0,0.0,0.0,1.0,5,200.0,0.0,0.0,1.0,1.0,00000001010000000000000000010110,00000001010000000000000000010110,0.0,0.0,0.0,1
DaimonZeta-baseline,0,1,0.0,1.0,1.0,00000001010000000000000000010110,00000001010000000000000000010110,0,0,1.0,1.0,1.0,0.0,0.0,0.0,1.0,0.0,0.0,0.0,1.0,5,200.0,0.0,0.0,1.0,1.0,00000001010000000000000000010110,00000001010000000000000000010110,0.0,0.0,0.0,1
DaimonZeta-baseline,0,1,0.0,1.0,1.0,00000001010000000000000000010110,00000001010000000000000000010110,0,0,1.0,1.0,1.0,0.0,0.0,0.0,1.0,0.0,0.0,0.0,1.0,5,200.0,0.0,0.0,1.0,1.0,00000001010000000000000000010110,00000001010000000000000000010110,0.0,0.0,0.0,1
DaimonZeta-baseline,0,1,0.0,1.0,1.0,00000001010000000000000000010110,00000001010000000000000000010110,0,0,1.0,1.0,1.0,0.0,0.0,0.0,1.0,0.0,0.0,0.0,1.0,5,200.0,0.0,0.0,1.0,1.0,00000001010000000000000000010110,00000001010000000000000000010110,0.0,0.0,0.0,1
DaimonZeta-baseline,0,1,0.0,1.0,1.0,00000001010000000000000000010110,00000001010000000000000000010110,14,1,0.24,0.24,0.24,0.82,0.36,0.0,1.0,0.0,0.0,0.0,0.05,5,10.0,0.0,0.0,1.0,1.0,00000001010000000000000000010110,00000001010000000000000000010110,0.0,0.0,0.0,1
DaimonZeta-baseline,0,1,0.0,1.0,1.0,00000001010000000000000000010110,00000001010000000000000000010110,15,1,0.24,0.24,0.24,0.82,-0.36,0.0,1.0,0.0,0.0,0.0,0.05,5,10.0,0.0,0.0,1.0,1.0,00000001010000000000000000010110,00000001010000000000000000010110,0.0,0.0,0.0,1
DaimonZeta-baseline,0,1,0.0,1.0,1.0,00000001010000000000000000010110,00000001010000000000000000010110,13,1,0.24,0.24,0.24,0.64,0.875999,0.12,1.0,0.0,0.0,0.0,0.05,5,10.0,0.0,0.0,1.0,1.0,00000001010000000000000000010110,00000001010000000000000000010110,0.0,0.0,0.0,1
DaimonZeta-baseline,0,1,0.0,1.0,1.0,00000001010000000000000000010110,00000001010000000000000000010110,16,1,0.24,0.24,0.24,0.64,-0.875999,0.12,1.0,0.0,0.0,0.0,0.05,5,10.0,0.0,0.0,1.0,1.0,00000001010000000000000000010110,00000001010000000000000000010110,0.0,0.0,0.0,1
DaimonZeta-baseline,1,0,0.0,1.0,1.0,00000001010000000000000000010110,00000001010000000000000000010110,2,0,0.34,0.34,0.34,0.0,1.36,0.0,1.0,0.0,0.0,0.0,0.05,5,10.0,0.0,0.0,1.0,1.0,00000001010000000000000000010110,00000001010000000000000000010110,0.0,0.0,0.0,1
DaimonZeta-baseline,1,0,0.0,1.0,1.0,00000001010000000000000000010110,00000001010000000000000000010110,4,0,0.34,0.34,0.34,0.0,-1.36,0.0,0.0,0.0,0.0,1.0,0.05,5,10.0,0.0,0.0,1.0,1.0,00000001010000000000000000010110,00000001010000000000000000010110,0.0,0.0,0.0,1
DroneAlpha-baseline,3,0,0.0,1.0,1.0,00000001010000000000000000010110,00000001010000000000000000010110,0,0,1.0,1.0,1.0,0.0,0.0,0.0,1.0,0.0,0.0,0.0,100.0,5,30.0,0.0,0.0,1.0,1.0,00000001010000000000000000010110,00000001010000000000000000010110,0.0,0.0,0.0,1
DroneAlphaLaser-baseline,3,0,0.0,1.0,1.0,00000001010000000000000000010110,00000001010000000000000000010110,0,0,1.0,1.0,1.0,0.0,0.0,0.0,1.0,0.0,0.0,0.0,100.0,5,30.0,0.0,0.0,1.0,1.0,00000001010000000000000000010110,00000001010000000000000000010110,0.0,0.0,0.0,1
DroneAlphaSpike-baseline,3,0,0.0,1.0,1.0,00000001010000000000000000010110,00000001010000000000000000010110,0,0,1.0,1.0,1.0,0.0,0.0,0.0,1.0,0.0,0.0,0.0,100.0,5,30.0,0.0,0.0,1.0,1.0,00000001010000000000000000010110,00000001010000000000000000010110,0.0,0.0,0.0,1
DroneBeta-baseline,3,1,0.0,1.0,1.0,00000001010000000000000000010100,00000001010000000000000000010110,0,0,1.0,1.0,1.0,0.0,0.0,0.0,1.0,0.0,0.0,0.0,100.0,5,300.0,0.0,0.0,1.0,1.0,00000001010000000000000000010100,00000001010000000000000000010110,0.0,0.0,0.0,1
DroneBeta-baseline,3,1,0.0,1.0,1.0,00000001010000000000000000010100,00000001010000000000000000010110,0,0,1.0,1.0,1.0,0.0,0.0,0.0,1.0,0.0,0.0,0.0,100.0,5,300.0,0.0,0.0,1.0,1.0,00000001010000000000000000010100,00000001010000000000000000010110,0.0,0.0,0.0,1
DroneBeta-baseline,3,1,0.0,1.0,1.0,00000001010000000000000000010100,00000001010000000000000000010110,0,0,1.0,1.0,1.0,0.0,0.0,0.0,1.0,0.0,0.0,0.0,100.0,5,300.0,0.0,0.0,1.0,1.0,00000001010000000000000000010100,00000001010000000000000000010110,0.0,0.0,0.0,1
Frosty-baseline,3,0,0.0,1.0,1.0,00000001010000000000000000010110,00000001010000000000000000010110,0,0,1.0,1.0,1.0,0.0,0.0,0.0,1.0,0.0,0.0,0.0,2.0,5,125.0,0.0,0.0,1.0,1.0,00000001010000000000000000010110,00000001010000000000000000010110,0.0,0.0,0.0,1
Ichthyos-baseline,3,1,0.0,1.0,1.0,00000000000000000000000000000000,00000001010000000000000000010110,0,0,1.0,1.0,1.0,0.0,0.0,0.78,1.0,0.0,0.0,0.0,1.0,1,10.0,0.0,0.0,1.0,1.0,00000000000000000000000000000000,00000001010000000000000000010110,0.0,0.0,0.0,1
Ichthyos-baseline,3,1,0.0,1.0,1.0,00000000000000000000000000000000,00000001010000000000000000010110,0,0,1.0,1.0,1.0,0.0,0.0,0.78,1.0,0.0,0.0,0.0,1.0,1,10.0,0.0,0.0,1.0,1.0,00000000000000000000000000000000,00000001010000000000000000010110,0.0,0.0,0.0,1
Ichthyos-baseline,3,1,0.0,1.0,1.0,00000000000000000000000000000000,00000001010000000000000000010110,2,0,1.0,1.0,1.0,0.0,0.0,0.42,1.0,0.0,0.0,0.0,1.0,1,-1.0,0.0,0.0,1.0,1.0,00000000000000000000000000000000,00000001010000000000000000010110,0.0,0.0,0.0,1
Ichthyos-baseline,3,1,0.0,1.0,1.0,00000000000000000000000000000000,00000001010000000000000000010110,3,0,1.0,1.0,1.0,0.0,0.0,0.1,1.0,0.0,0.0,0.0,1.0,1,-1.0,0.0,0.0,1.0,1.0,00000000000000000000000000000000,00000001010000000000000000010110,0.0,0.0,0.0,1
Ichthyos-baseline,3,1,0.0,1.0,1.0,00000000000000000000000000000000,00000001010000000000000000010110,4,0,1.0,1.0,1.0,0.0,0.0,-0.214,1.0,0.0,0.0,0.0,1.0,1,-1.0,0.0,0.0,1.0,1.0,00000000000000000000000000000000,00000001010000000000000000010110,0.0,0.0,0.0,1
Jack-baseline,3,0,0.0,1.0,1.0,00000001010000000000000000010110,00000001010000000000000000010110,0,0,1.0,1.0,1.0,0.0,0.0,0.0,1.0,0.0,0.0,0.0,2.0,5,125.0,0.0,0.0,1.0,1.0,00000001010000000000000000010110,00000001010000000000000000010110,0.0,0.0,0.0,1
Larva-baseline,1,0,0.0,1.0,1.0,00000001010000000000000000010110,00000001010000000000000000010110,0,0,1.0,1.0,1.0,0.0,0.0,0.0,1.0,0.0,0.0,0.0,10.0,5,1000.0,0.0,0.0,1.0,1.0,00000001010000000000000000010110,00000001010000000000000000010110,0.0,0.0,0.0,1
Larva-baseline,1,0,0.0,1.0,1.0,00000001010000000000000000010110,00000001010000000000000000010110,1,0,0.9,0.9,0.9,0.0,0.0,-2.207311,1.0,0.0,0.0,0.0,0.1,5,1000.0,0.0,0.0,1.0,1.0,00000001010000000000000000010110,00000001010000000000000000010110,0.0,0.0,0.0,1
Larva-baseline,1,0,0.0,1.0,1.0,00000001010000000000000000010110,00000001010000000000000000010110,2,0,0.8,0.8,0.8,0.0,0.0,-4.210758,1.0,0.0,0.0,0.0,0.1,5,1000.0,0.0,0.0,1.0,1.0,00000001010000000000000000010110,00000001010000000000000000010110,0.0,0.0,0.0,1
Larva-baseline,1,0,0.0,1.0,1.0,00000001010000000000000000010110,00000001010000000000000000010110,3,0,0.7,0.7,0.7,0.0,0.0,-6.012255,1.0,0.0,0.0,0.0,0.1,5,1000.0,0.0,0.0,1.0,1.0,00000001010000000000000000010110,00000001010000000000000000010110,0.0,0.0,0.0,1
MCCreeper-baseline,3,1,0.0,1.0,1.0,00000001010000000000000000010100,00000001010000000000000000010110,0,0,1.0,1.0,1.0,0.0,-0.076923,0.0,1.0,0.0,0.0,0.0,0.05,5,10.0,0.0,0.0,1.0,1.0,00000001010000000000000000010100,00000001010000000000000000010110,0.0,0.0,0.0,1
MCCreeper-baseline,3,1,0.0,1.0,1.0,00000001010000000000000000010100,00000001010000000000000000010110,0,0,1.0,1.0,1.0,0.0,-0.076923,0.0,1.0,0.0,0.0,0.0,0.05,5,10.0,0.0,0.0,1.0,1.0,00000001010000000000000000010100,00000001010000000000000000010110,0.0,0.0,0.0,1
MCCreeper-baseline,3,1,0.0,1.0,1.0,00000001010000000000000000010100,00000001010000000000000000010110,0,0,1.0,1.0,1.0,0.0,-0.076923,0.0,1.0,0.0,0.0,0.0,0.05,5,10.0,0.0,0.0,1.0,1.0,00000001010000000000000000010100,00000001010000000000000000010110,0.0,0.0,0.0,1
MCCreeper-baseline,3,1,0.0,1.0,1.0,00000001010000000000000000010100,00000001010000000000000000010110,0,0,1.0,1.0,1.0,0.0,-0.076923,0.0,1.0,0.0,0.0,0.0,0.05,5,10.0,0.0,0.0,1.0,1.0,00000001010000000000000000010100,00000001010000000000000000010110,0.0,0.0,0.0,1
MCCreeper-baseline,3,1,0.0,1.0,1.0,00000001010000000000000000010100,00000001010000000000000000010110,0,0,1.0,1.0,1.0,0.0,-0.076923,0.0,1.0,0.0,0.0,0.0,0.05,5,10.0,0.0,0.0,1.0,1.0,00000001010000000000000000010100,00000001010000000000000000010110,0.0,0.0,0.0,1
MCSkeleton-baseline,3,1,0.0,1.0,1.0,00000001010000000000000000010100,00000001010000000000000000010110,0,0,1.0,1.0,1.0,0.0,0.066667,0.0,1.0,0.0,0.0,0.0,0.05,5,10.0,0.0,0.0,1.0,1.0,00000001010000000000000000010100,00000001010000000000000000010110,0.0,0.0,0.0,1
MCSkeleton-baseline,3,1,0.0,1.0,1.0,00000001010000000000000000010100,00000001010000000000000000010110,0,0,1.0,1.0,1.0,0.0,0.066667,0.0,1.0,0.0,0.0,0.0,0.05,5,10.0,0.0,0.0,1.0,1.0,00000001010000000000000000010100,00000001010000000000000000010110,0.0,0.0,0.0,1
MCSkeleton-baseline,3,1,0.0,1.0,1.0,00000001010000000000000000010100,00000001010000000000000000010110,0,0,1.0,1.0,1.0,0.0,0.066667,0.0,1.0,0.0,0.0,0.0,0.05,5,10.0,0.0,0.0,1.0,1.0,00000001010000000000000000010100,00000001010000000000000000010110,0.0,0.0,0.0,1
MCSkeleton-baseline,3,1,0.0,1.0,1.0,00000001010000000000000000010100,00000001010000000000000000010110,0,0,1.0,1.0,1.0,0.0,0.066667,0.0,1.0,0.0,0.0,0.0,0.05,5,10.0,0.0,0.0,1.0,1.0,00000001010000000000000000010100,00000001010000000000000000010110,0.0,0.0,0.0,1
MCSkeleton-baseline,3,1,0.0,1.0,1.0,00000001010000000000000000010100,00000001010000000000000000010110,0,0,1.0,1.0,1.0,0.0,0.066667,0.0,1.0,0.0,0.0,0.0,0.05,5,10.0,0.0,0.0,1.0,1.0,00000001010000000000000000010100,00000001010000000000000000010110,0.0,0.0,0.0,1
MCSkeleton-baseline,3,1,0.0,1.0,1.0,00000001010000000000000000010100,00000001010000000000000000010110,2,0,1.0,1.0,1.0,-0.333333,0.466667,0.0,1.0,0.0,0.0,0.0,0.05,5,10.0,0.0,0.0,1.0,1.0,00000001010000000000000000010100,00000001010000000000000000010110,0.0,0.0,0.0,1
Maia-baseline,0,1,0.0,1.0,1.0,00000001010000000000000000010110,00000001010000000000000000010110,0,0,1.0,1.0,1.0,0.0,0.0,0.0,1.0,0.0,0.0,0.0,1.0,5,4000.0,0.0,0.0,1.0,1.0,00000001010000000000000000010110,00000001010000000000000000010110,0.0,0.0,0.0,1
Maia-baseline,0,1,0.0,1.0,1.0,00000001010000000000000000010110,00000001010000000000000000010110,0,0,1.0,1.0,1.0,0.0,0.0,0.0,1.0,0.0,0.0,0.0,1.0,5,4000.0,0.0,0.0,1.0,1.0,00000001010000000000000000010110,00000001010000000000000000010110,0.0,0.0,0.0,1
Maia-baseline,0,1,0.0,1.0,1.0,00000001010000000000000000010110,00000001010000000000000000010110,0,0,1.0,1.0,1.0,0.0,0.0,0.0,1.0,0.0,0.0,0.0,1.0,5,4000.0,0.0,0.0,1.0,1.0,00000001010000000000000000010110,00000001010000000000000000010110,0.0,0.0,0.0,1
Maia-baseline,0,1,0.0,1.0,1.0,00000001010000000000000000010110,00000001010000000000000000010110,0,0,1.0,1.0,1.0,0.0,0.0,0.0,1.0,0.0,0.0,0.0,1.0,5,4000.0,0.0,0.0,1.0,1.0,00000001010000000000000000010110,00000001010000000000000000010110,0.0,0.0,0.0,1
Maia-baseline,0,1,0.0,1.0,1.0,00000001010000000000000000010110,00000001010000000000000000010110,0,0,1.0,1.0,1.0,0.0,0.0,0.0,1.0,0.0,0.0,0.0,1.0,5,4000.0,0.0,0.0,1.0,1.0,00000001010000000000000000010110,00000001010000000000000000010110,0.0,0.0,0.0,1
Maia-baseline,0,1,0.0,1.0,1.0,00000001010000000000000000010110,00000001010000000000000000010110,0,0,1.0,1.0,1.0,0.0,0.0,0.0,1.0,0.0,0.0,0.0,1.0,5,4000.0,0.0,0.0,1.0,1.0,00000001010000000000000000010110,00000001010000000000000000010110,0.0,0.0,0.0,1
Maia-baseline,3,0,0.0,1.0,1.0,00000001010000000000000000010110,00000001010000000000000000010110,1,0,1.0,1.0,1.0,-1.4,0.59,-0.65,0.915,0.049,-0.379,-0.12,0.01,5,-1.0,0.0,0.0,1.0,1.0,00000001010000000000000000010110,00000001010000000000000000010110,0.0,0.0,0.0,1
Maia-baseline,3,0,0.0,1.0,1.0,00000001010000000000000000010110,00000001010000000000000000010110,2,0,1.0,1.0,1.0,1.4,0.59,-0.65,-0.12,0.379,-0.049,0.915,0.01,5,-1.0,0.0,0.0,1.0,1.0,00000001010000000000000000010110,00000001010000000000000000010110,0.0,0.0,0.0,1
Maia-baseline,3,0,0.0,1.0,1.0,00000001010000000000000000010110,00000001010000000000000000010110,3,0,1.0,1.0,1.0,-1.4,-0.59,-0.65,0.915,-0.049,-0.379,0.12,0.01,5,-1.0,0.0,0.0,1.0,1.0,00000001010000000000000000010110,00000001010000000000000000010110,0.0,0.0,0.0,1
Maia-baseline,3,0,0.0,1.0,1.0,00000001010000000000000000010110,00000001010000000000000000010110,4,0,1.0,1.0,1.0,1.4,-0.59,-0.65,0.12,0.379,0.049,0.915,0.01,5,-1.0,0.0,0.0,1.0,1.0,00000001010000000000000000010110,00000001010000000000000000010110,0.0,0.0,0.0,1
Maia-baseline,1,0,0.0,1.0,1.0,00000001010000000000000000010110,00000001010000000000000000010110,1,0,1.0,1.0,1.0,-1.4,0.59,-0.65,0.915,0.049,-0.379,-0.12,0.01,5,-1.0,0.0,0.0,1.0,1.0,00000001010000000000000000010110,00000001010000000000000000010110,0.0,0.0,0.0,1
Maia-baseline,1,0,0.0,1.0,1.0,00000001010000000000000000010110,00000001010000000000000000010110,2,0,1.0,1.0,1.0,1.4,0.59,-0.65,-0.12,0.379,-0.049,0.915,0.01,5,-1.0,0.0,0.0,1.0,1.0,00000001010000000000000000010110,00000001010000000000000000010110,0.0,0.0,0.0,1
Maia-baseline,1,0,0.0,1.0,1.0,00000001010000000000000000010110,00000001010000000000000000010110,3,0,1.0,1.0,1.0,-1.4,-0.59,-0.65,0.915,-0.049,-0.379,0.12,0.01,5,-1.0,0.0,0.0,1.0,1.0,00000001010000000000000000010110,00000001010000000000000000010110,0.0,0.0,0.0,1
Maia-baseline,1,0,0.0,1.0,1.0,00000001010000000000000000010110,00000001010000000000000000010110,4,0,1.0,1.0,1.0,1.4,-0.59,-0.65,0.12,0.379,0.049,0.915,0.01,5,-1.0,0.0,0.0,1.0,1.0,00000001010000000000000000010110,00000001010000000000000000010110,0.0,0.0,0.0,1
Marble-baseline,1,0,0.0,1.0,1.0,00000001010000000000000000010110,00000001010000000000000000010110,0,0,1.0,1.0,1.0,0.0,0.0,0.0,1.0,0.0,0.0,0.0,10.0,5,50.0,0.0,0.0,1.0,1.0,00000001010000000000000000010110,00000001010000000000000000010110,0.0,0.0,0.0,1
Marble-baseline,1,0,0.0,1.0,1.0,00000001010000000000000000010110,00000001010000000000000000010110,0,0,1.0,1.0,1.0,0.0,0.0,0.0,1.0,0.0,0.0,0.0,10.0,5,50.0,0.0,0.0,1.0,1.0,00000001010000000000000000010110,00000001010000000000000000010110,0.0,0.0,0.0,1
Marble-baseline,1,0,0.0,1.0,1.0,00000001010000000000000000010110,00000001010000000000000000010110,0,0,1.0,1.0,1.0,0.0,0.0,0.0,1.0,0.0,0.0,0.0,10.0,5,50.0,0.0,0.0,1.0,1.0,00000001010000000000000000010110,00000001010000000000000000010110,0.0,0.0,0.0,1
Marble-baseline,1,0,0.0,1.0,1.0,00000001010000000000000000010110,00000001010000000000000000010110,0,0,1.0,1.0,1.0,0.0,0.0,0.0,1.0,0.0,0.0,0.0,10.0,5,50.0,0.0,0.0,1.0,1.0,00000001010000000000000000010110,00000001010000000000000000010110,0.0,0.0,0.0,1
MobulaOmega-baseline,0,1,0.0,4.0,8.0,00000001110000000000000000011100,00000001110000000000000000011110,0,0,1.0,1.0,1.0,0.0,0.0,0.0,1.0,0.0,0.0,0.0,100.0,4,1.0,0.0,0.0,4.0,8.0,00000001110000000000000000011100,00000001110000000000000000011110,0.0,0.0,0.0,1
MobulaOmega-baseline,0,1,0.0,4.0,8.0,00000001110000000000000000011100,00000001110000000000000000011110,0,0,1.0,1.0,1.0,0.0,0.0,0.0,1.0,0.0,0.0,0.0,100.0,4,1.0,0.0,0.0,4.0,8.0,00000001110000000000000000011100,00000001110000000000000000011110,0.0,0.0,0.0,1
MobulaOmega-baseline,0,1,0.0,4.0,8.0,00000001110000000000000000011100,00000001110000000000000000011110,0,0,1.0,1.0,1.0,0.0,0.0,0.0,1.0,0.0,0.0,0.0,100.0,4,1.0,0.0,0.0,4.0,8.0,00000001110000000000000000011100,00000001110000000000000000011110,0.0,0.0,0.0,1
MobulaOmega-baseline,0,1,0.0,4.0,8.0,00000001110000000000000000011100,00000001110000000000000000011110,0,0,1.0,1.0,1.0,0.0,0.0,0.0,1.0,0.0,0.0,0.0,100.0,4,1.0,0.0,0.0,4.0,8.0,00000001110000000000000000011100,00000001110000000000000000011110,0.0,0.0,0.0,1
MobulaOmega-baseline,3,0,0.0,1.0,1.0,00000001010000000000000000010110,00000001010000000000000000010110,1,0,1.0,1.0,1.0,-1.4,0.59,-0.65,0.915,0.049,-0.379,-0.12,0.0001,4,1.0,0.0,0.0,1.0,1.0,00000001010000000000000000010110,00000001010000000000000000010110,0.0,0.0,0.0,1
MobulaOmega-baseline,3,0,0.0,1.0,1.0,00000001010000000000000000010110,00000001010000000000000000010110,2,0,1.0,1.0,1.0,1.4,0.59,-0.65,-0.12,0.379,-0.049,0.915,0.0001,4,1.0,0.0,0.0,1.0,1.0,00000001010000000000000000010110,00000001010000000000000000010110,0.0,0.0,0.0,1
MobulaOmega-baseline,3,0,0.0,1.0,1.0,00000001010000000000000000010110,00000001010000000000000000010110,3,0,1.0,1.0,1.0,-1.4,-0.59,-0.65,0.915,-0.049,-0.379,0.12,0.0001,4,1.0,0.0,0.0,1.0,1.0,00000001010000000000000000010110,00000001010000000000000000010110,0.0,0.0,0.0,1
MobulaOmega-baseline,3,0,0.0,1.0,1.0,00000001010000000000000000010110,00000001010000000000000000010110,4,0,1.0,1.0,1.0,1.4,-0.59,-0.65,0.12,0.379,0.049,0.915,0.0001,4,1.0,0.0,0.0,1.0,1.0,00000001010000000000000000010110,00000001010000000000000000010110,0.0,0.0,0.0,1
MobulaOmega-baseline,0,1,0.0,4.0,8.0,00000001110000000000000000011100,00000001110000000000000000011110,0,0,1.0,1.0,1.0,0.0,0.0,0.0,1.0,0.0,0.0,0.0,100.0,4,1.0,0.0,0.0,4.0,8.0,00000001110000000000000000011100,00000001110000000000000000011110,0.0,0.0,0.0,1
MobulaOmega-baseline,0,1,0.0,4.0,8.0,00000001110000000000000000011100,00000001110000000000000000011110,0,0,1.0,1.0,1.0,0.0,0.0,0.0,1.0,0.0,0.0,0.0,100.0,4,1.0,0.0,0.0,4.0,8.0,00000001110000000000000000011100,00000001110000000000000000011110,0.0,0.0,0.0,1
Orion-baseline,0,1,0.0,1.0,1.0,00000001010000000000000000010100,00000001010000000000000000010110,0,1,1.0,1.0,1.0,0.0,0.0,0.0,1.0,0.0,0.0,0.0,1000.0,5,1000.0,0.0,0.0,1.0,1.0,00000001010000000000000000010100,00000001010000000000000000010110,0.0,0.0,0.0,1
Orion-baseline,0,1,0.0,1.0,1.0,00000001010000000000000000010100,00000001010000000000000000010110,0,1,1.0,1.0,1.0,0.0,0.0,0.0,1.0,0.0,0.0,0.0,1000.0,5,1000.0,0.0,0.0,1.0,1.0,00000001010000000000000000010100,00000001010000000000000000010110,0.0,0.0,0.0,1
Orion-baseline,0,1,0.0,1.0,1.0,00000001010000000000000000010100,00000001010000000000000000010110,2,1,1.0,1.0,1.0,-0.429,0.44,-0.36,0.7071,0.0,-0.7071,0.0,1.0,5,100.0,0.0,0.0,1.0,1.0,00000001010000000000000000010100,00000001010000000000000000010110,0.0,0.0,0.0,1
Orion-baseline,0,1,0.0,1.0,1.0,00000001010000000000000000010100,00000001010000000000000000010110,0,1,1.0,1.0,1.0,0.0,0.0,0.0,1.0,0.0,0.0,0.0,1000.0,5,1000.0,0.0,0.0,1.0,1.0,00000001010000000000000000010100,00000001010000000000000000010110,0.0,0.0,0.0,1
Orion-baseline,0,1,0.0,1.0,1.0,00000001010000000000000000010100,00000001010000000000000000010110,4,1,1.0,1.0,1.0,0.429,0.44,-0.36,0.7071,0.0,0.7071,0.0,1.0,5,100.0,0.0,0.0,1.0,1.0,00000001010000000000000000010100,00000001010000000000000000010110,0.0,0.0,0.0,1
Orion-baseline,0,1,0.0,1.0,1.0,00000001010000000000000000010100,00000001010000000000000000010110,0,1,1.0,1.0,1.0,0.0,0.0,0.0,1.0,0.0,0.0,0.0,1000.0,5,1000.0,0.0,0.0,1.0,1.0,00000001010000000000000000010100,00000001010000000000000000010110,0.0,0.0,0.0,1
Orion-baseline,0,1,0.0,1.0,1.0,00000001010000000000000000010100,00000001010000000000000000010110,6,1,1.0,1.0,1.0,-0.569,-0.149,0.285,0.7071,0.0,-0.7071,0.0,1.0,5,100.0,0.0,0.0,1.0,1.0,00000001010000000000000000010100,00000001010000000000000000010110,0.0,0.0,0.0,1
Orion-baseline,0,1,0.0,1.0,1.0,00000001010000000000000000010100,00000001010000000000000000010110,0,1,1.0,1.0,1.0,0.0,0.0,0.0,1.0,0.0,0.0,0.0,1000.0,5,1000.0,0.0,0.0,1.0,1.0,00000001010000000000000000010100,00000001010000000000000000010110,0.0,0.0,0.0,1
Orion-baseline,0,1,0.0,1.0,1.0,00000001010000000000000000010100,00000001010000000000000000010110,8,1,1.0,1.0,1.0,0.569,-0.149,0.285,0.7071,0.0,0.7071,0.0,1.0,5,100.0,0.0,0.0,1.0,1.0,00000001010000000000000000010100,00000001010000000000000000010110,0.0,0.0,0.0,1
Orion-baseline,0,1,0.0,1.0,1.0,00000001010000000000000000010100,00000001010000000000000000010110,0,1,1.0,1.0,1.0,0.0,0.0,0.0,1.0,0.0,0.0,0.0,1000.0,5,1000.0,0.0,0.0,1.0,1.0,00000001010000000000000000010100,00000001010000000000000000010110,0.0,0.0,0.0,1
Orion-baseline,0,1,0.0,1.0,1.0,00000001010000000000000000010100,00000001010000000000000000010110,10,1,1.0,1.0,1.0,0.0,-0.334,0.743,1.0,0.0,0.0,0.0,1.0,5,100.0,0.0,0.0,1.0,1.0,00000001010000000000000000010100,00000001010000000000000000010110,0.0,0.0,0.0,1
Orion-baseline,3,1,0.0,1.0,1.0,00000001010000000000000000010100,00000001010000000000000000010110,0,1,1.0,1.0,1.0,0.0,0.0,0.0,1.0,0.0,0.0,0.0,1000.0,5,1000.0,0.0,0.0,1.0,1.0,00000001010000000000000000010100,00000001010000000000000000010110,0.0,0.0,0.0,1
Orion-baseline,0,1,0.0,1.0,1.0,00000001010000000000000000010100,00000001010000000000000000010110,12,1,1.0,1.0,1.0,0.0,0.0,-0.878,0.0,0.0,1.0,0.0,1.0,5,100.0,0.0,0.0,1.0,1.0,00000001010000000000000000010100,00000001010000000000000000010110,0.0,0.0,0.0,1
Orion-baseline,0,1,0.0,1.0,1.0,00000001010000000000000000010100,00000001010000000000000000010110,12,1,1.0,1.0,1.0,0.0,0.0,-0.878,0.0,0.0,1.0,0.0,1.0,5,100.0,0.0,0.0,1.0,1.0,00000001010000000000000000010100,00000001010000000000000000010110,0.0,0.0,0.0,1
Orion-baseline,0,1,0.0,1.0,1.0,00000001010000000000000000010100,00000001010000000000000000010110,13,1,1.0,1.0,1.0,0.0,1.0,-1.15,0.7071,0.0,0.0,0.7071,1.0,5,100.0,0.0,0.0,1.0,1.0,00000001010000000000000000010100,00000001010000000000000000010110,0.0,0.0,0.0,1
Orion-baseline,0,1,0.0,1.0,1.0,00000001010000000000000000010100,00000001010000000000000000010110,14,1,1.0,1.0,1.0,0.0,-1.0,-1.15,0.7071,0.0,0.0,0.7071,1.0,5,100.0,0.0,0.0,1.0,1.0,00000001010000000000000000010100,00000001010000000000000000010110,0.0,0.0,0.0,1
Orion-baseline,0,1,0.0,1.0,1.0,00000001010000000000000000010100,00000001010000000000000000010110,15,1,0.22,0.22,0.22,0.0,1.5,-0.976,1.0,0.0,0.0,0.0,1.0,5,100.0,0.0,0.0,1.0,1.0,00000001010000000000000000010100,00000001010000000000000000010110,0.0,0.0,0.0,1
Orion-baseline,0,1,0.0,1.0,1.0,00000001010000000000000000010100,00000001010000000000000000010110,16,1,0.22,0.22,0.22,0.0,-1.5,-0.976,1.0,0.0,0.0,0.0,1.0,5,100.0,0.0,0.0,1.0,1.0,00000001010000000000000000010100,00000001010000000000000000010110,0.0,0.0,0.0,1
Orion-baseline,3,1,0.0,1.0,1.0,00000001010000000000000000010100,00000001010000000000000000010110,0,1,1.0,1.0,1.0,0.0,0.0,0.0,1.0,0.0,0.0,0.0,1000.0,5,1000.0,0.0,0.0,1.0,1.0,00000001010000000000000000010100,00000001010000000000000000010110,0.0,0.0,0.0,1
Orion-baseline,0,1,0.0,1.0,1.0,00000001010000000000000000010100,00000001010000000000000000010110,19,1,1.0,1.0,1.0,0.0,0.0,0.0,1.0,0.0,0.0,0.0,1.0,5,-1.0,0.0,0.0,1.0,1.0,00000001010000000000000000010100,00000001010000000000000000010110,0.0,0.0,0.0,1
Orion-baseline,0,1,0.0,1.0,1.0,00000001010000000000000000010100,00000001010000000000000000010110,20,1,1.0,1.0,1.0,0.0,0.0,0.0,0.0,0.0,0.0,1.0,1.0,5,-1.0,0.0,0.0,1.0,1.0,00000001010000000000000000010100,00000001010000000000000000010110,0.0,0.0,0.0,1
Orion-baseline,0,1,0.0,1.0,1.0,00000001010000000000000000010100,00000001010000000000000000010110,21,1,1.0,1.0,1.0,0.0,0.0,0.0,0.0,1.0,0.0,0.0,1.0,5,-1.0,0.0,0.0,1.0,1.0,00000001010000000000000000010100,00000001010000000000000000010110,0.0,0.0,0.0,1
Orion-baseline,3,1,0.0,1.0,1.0,00000001010000000000000000010100,00000001010000000000000000010110,0,1,1.0,1.0,1.0,0.0,0.0,0.0,1.0,0.0,0.0,0.0,1000.0,5,1000.0,0.0,0.0,1.0,1.0,00000001010000000000000000010100,00000001010000000000000000010110,0.0,0.0,0.0,1
Orion-baseline,0,1,0.0,1.0,1.0,00000001010000000000000000010100,00000001010000000000000000010110,23,1,1.666,1.0,1.666,0.0,0.0,0.0,1.0,0.0,0.0,0.0,1.0,5,-1.0,0.0,0.0,1.0,1.0,00000001010000000000000000010100,00000001010000000000000000010110,0.0,0.0,0.0,1
Orion-baseline,0,1,0.0,1.0,1.0,00000001010000000000000000010100,00000001010000000000000000010110,24,1,1.666,1.0,1.666,0.0,0.0,0.0,0.0,0.0,0.0,1.0,1.0,5,-1.0,0.0,0.0,1.0,1.0,00000001010000000000000000010100,00000001010000000000000000010110,0.0,0.0,0.0,1
Orion-baseline,0,1,0.0,1.0,1.0,00000001010000000000000000010100,00000001010000000000000000010110,25,1,1.666,1.0,1.666,0.0,0.0,0.0,0.0,1.0,0.0,0.0,1.0,5,-1.0,0.0,0.0,1.0,1.0,00000001010000000000000000010100,00000001010000000000000000010110,0.0,0.0,0.0,1
Orion-baseline,3,1,0.0,1.0,1.0,00000001010000000000000000010100,00000001010000000000000000010110,0,1,1.0,1.0,1.0,0.0,0.0,0.0,1.0,0.0,0.0,0.0,1000.0,5,1000.0,0.0,0.0,1.0,1.0,00000001010000000000000000010100,00000001010000000000000000010110,0.0,0.0,0.0,1
Orion-baseline,0,1,0.0,1.0,1.0,00000001010000000000000000010100,00000001010000000000000000010110,27,1,2.5,1.0,2.5,0.0,0.0,0.0,1.0,0.0,0.0,0.0,1.0,5,-1.0,0.0,0.0,1.0,1.0,00000001010000000000000000010100,00000001010000000000000000010110,0.0,0.0,0.0,1
Orion-baseline,0,1,0.0,1.0,1.0,00000001010000000000000000010100,00000001010000000000000000010110,28,1,2.5,1.0,2.5,0.0,0.0,0.0,0.0,0.0,0.0,1.0,1.0,5,-1.0,0.0,0.0,1.0,1.0,00000001010000000000000000010100,00000001010000000000000000010110,0.0,0.0,0.0,1
Orion-baseline,0,1,0.0,1.0,1.0,00000001010000000000000000010100,00000001010000000000000000010110,29,1,2.5,1.0,2.5,0.0,0.0,0.0,0.0,1.0,0.0,0.0,1.0,5,-1.0,0.0,0.0,1.0,1.0,00000001010000000000000000010100,00000001010000000000000000010110,0.0,0.0,0.0,1
Orion-baseline,0,1,0.0,1.0,1.0,00000001010000000000000000010100,00000001010000000000000000010110,19,1,1.0,1.0,1.0,0.0,0.0,0.0,1.0,0.0,0.0,0.0,1.0,5,-1.0,0.0,0.0,1.0,1.0,00000001010000000000000000010100,00000001010000000000000000010110,0.0,0.0,0.0,1
Orion-baseline,0,1,0.0,1.0,1.0,00000001010000000000000000010100,00000001010000000000000000010110,21,1,1.0,1.0,1.0,0.0,0.0,0.0,0.0,1.0,0.0,0.0,1.0,5,-1.0,0.0,0.0,1.0,1.0,00000001010000000000000000010100,00000001010000000000000000010110,0.0,0.0,0.0,1
Orion-baseline,0,1,0.0,1.0,1.0,00000001010000000000000000010100,00000001010000000000000000010110,23,1,1.666,1.0,1.666,0.0,0.0,0.0,1.0,0.0,0.0,0.0,1.0,5,-1.0,0.0,0.0,1.0,1.0,00000001010000000000000000010100,00000001010000000000000000010110,0.0,0.0,0.0,1
Orion-baseline,0,1,0.0,1.0,1.0,00000001010000000000000000010100,00000001010000000000000000010110,25,1,1.666,1.0,1.666,0.0,0.0,0.0,0.0,1.0,0.0,0.0,1.0,5,-1.0,0.0,0.0,1.0,1.0,00000001010000000000000000010100,00000001010000000000000000010110,0.0,0.0,0.0,1
Orion-baseline,0,1,0.0,1.0,1.0,00000001010000000000000000010100,00000001010000000000000000010110,27,1,2.5,1.0,2.5,0.0,0.0,0.0,1.0,0.0,0.0,0.0,1.0,5,-1.0,0.0,0.0,1.0,1.0,00000001010000000000000000010100,00000001010000000000000000010110,0.0,0.0,0.0,1
Orion-baseline,0,1,0.0,1.0,1.0,00000001010000000000000000010100,00000001010000000000000000010110,29,1,2.5,1.0,2.5,0.0,0.0,0.0,0.0,1.0,0.0,0.0,1.0,5,-1.0,0.0,0.0,1.0,1.0,00000001010000000000000000010100,00000001010000000000000000010110,0.0,0.0,0.0,1
Orion-baseline,0,1,0.0,1.0,1.0,00000001010000000000000000010100,00000001010000000000000000010110,23,1,1.666,1.0,1.666,0.0,0.0,0.0,1.0,0.0,0.0,0.0,1.0,5,-1.0,0.0,0.0,1.0,1.0,00000001010000000000000000010100,00000001010000000000000000010110,0.0,0.0,0.0,1
Orion-baseline,0,1,0.0,1.0,1.0,00000001010000000000000000010100,00000001010000000000000000010110,23,1,1.666,1.0,1.666,0.0,0.0,0.0,1.0,0.0,0.0,0.0,1.0,5,-1.0,0.0,0.0,1.0,1.0,00000001010000000000000000010100,00000001010000000000000000010110,0.0,0.0,0.0,1
Orion-baseline,0,1,0.0,1.0,1.0,00000001010000000000000000010100,00000001010000000000000000010110,23,1,1.666,1.0,1.666,0.0,0.0,0.0,1.0,0.0,0.0,0.0,1.0,5,-1.0,0.0,0.0,1.0,1.0,00000001010000000000000000010100,00000001010000000000000000010110,0.0,0.0,0.0,1
Orion-baseline,0,1,0.0,1.0,1.0,00000001010000000000000000010100,00000001010000000000000000010110,23,1,1.666,1.0,1.666,0.0,0.0,0.0,1.0,0.0,0.0,0.0,1.0,5,-1.0,0.0,0.0,1.0,1.0,00000001010000000000000000010100,00000001010000000000000000010110,0.0,0.0,0.0,1
Orion-baseline,0,1,0.0,1.0,1.0,00000001010000000000000000010100,00000001010000000000000000010110,23,1,1.666,1.0,1.666,0.0,0.0,0.0,1.0,0.0,0.0,0.0,1.0,5,-1.0,0.0,0.0,1.0,1.0,00000001010000000000000000010100,00000001010000000000000000010110,0.0,0.0,0.0,1
Orion-baseline,0,1,0.0,1.0,1.0,00000001010000000000000000010100,00000001010000000000000000010110,23,1,1.666,1.0,1.666,0.0,0.0,0.0,1.0,0.0,0.0,0.0,1.0,5,-1.0,0.0,0.0,1.0,1.0,00000001010000000000000000010100,00000001010000000000000000010110,0.0,0.0,0.0,1
Orion-baseline,0,1,0.0,1.0,1.0,00000001010000000000000000010100,00000001010000000000000000010110,25,1,1.666,1.0,1.666,0.0,0.0,0.0,0.0,1.0,0.0,0.0,1.0,5,-1.0,0.0,0.0,1.0,1.0,00000001010000000000000000010100,00000001010000000000000000010110,0.0,0.0,0.0,1
Orion-baseline,0,1,0.0,1.0,1.0,00000001010000000000000000010100,00000001010000000000000000010110,25,1,1.666,1.0,1.666,0.0,0.0,0.0,0.0,1.0,0.0,0.0,1.0,5,-1.0,0.0,0.0,1.0,1.0,00000001010000000000000000010100,00000001010000000000000000010110,0.0,0.0,0.0,1
Orion-baseline,0,1,0.0,1.0,1.0,00000001010000000000000000010100,00000001010000000000000000010110,25,1,1.666,1.0,1.666,0.0,0.0,0.0,0.0,1.0,0.0,0.0,1.0,5,-1.0,0.0,0.0,1.0,1.0,00000001010000000000000000010100,00000001010000000000000000010110,0.0,0.0,0.0,1
Orion-baseline,0,1,0.0,1.0,1.0,00000001010000000000000000010100,00000001010000000000000000010110,25,1,1.666,1.0,1.666,0.0,0.0,0.0,0.0,1.0,0.0,0.0,1.0,5,-1.0,0.0,0.0,1.0,1.0,00000001010000000000000000010100,00000001010000000000000000010110,0.0,0.0,0.0,1
Orion-baseline,0,1,0.0,1.0,1.0,00000001010000000000000000010100,00000001010000000000000000010110,25,1,1.666,1.0,1.666,0.0,0.0,0.0,0.0,1.0,0.0,0.0,1.0,5,-1.0,0.0,0.0,1.0,1.0,00000001010000000000000000010100,00000001010000000000000000010110,0.0,0.0,0.0,1
Orion-baseline,0,1,0.0,1.0,1.0,00000001010000000000000000010100,00000001010000000000000000010110,25,1,1.666,1.0,1.666,0.0,0.0,0.0,0.0,1.0,0.0,0.0,1.0,5,-1.0,0.0,0.0,1.0,1.0,00000001010000000000000000010100,00000001010000000000000000010110,0.0,0.0,0.0,1
Orion-baseline,0,1,0.0,1.0,1.0,00000001010000000000000000010100,00000001010000000000000000010110,27,1,2.5,1.0,2.5,0.0,0.0,0.0,1.0,0.0,0.0,0.0,1.0,5,-1.0,0.0,0.0,1.0,1.0,00000001010000000000000000010100,00000001010000000000000000010110,0.0,0.0,0.0,1
Orion-baseline,0,1,0.0,1.0,1.0,00000001010000000000000000010100,00000001010000000000000000010110,27,1,2.5,1.0,2.5,0.0,0.0,0.0,1.0,0.0,0.0,0.0,1.0,5,-1.0,0.0,0.0,1.0,1.0,00000001010000000000000000010100,00000001010000000000000000010110,0.0,0.0,0.0,1
Orion-baseline,0,1,0.0,1.0,1.0,00000001010000000000000000010100,00000001010000000000000000010110,28,1,2.5,1.0,2.5,0.0,0.0,0.0,0.0,0.0,0.0,1.0,1.0,5,-1.0,0.0,0.0,1.0,1.0,00000001010000000000000000010100,00000001010000000000000000010110,0.0,0.0,0.0,1
Orion-baseline,0,1,0.0,1.0,1.0,00000001010000000000000000010100,00000001010000000000000000010110,28,1,2.5,1.0,2.5,0.0,0.0,0.0,0.0,0.0,0.0,1.0,1.0,5,-1.0,0.0,0.0,1.0,1.0,00000001010000000000000000010100,00000001010000000000000000010110,0.0,0.0,0.0,1
Orion-baseline,0,1,0.0,1.0,1.0,00000001010000000000000000010110,00000001010000000000000000010110,49,1,1.0,1.0,1.0,-7.125,0.586,0.0,1.0,0.0,0.0,0.0,1.0,5,100.0,0.0,0.0,1.0,1.0,00000001010000000000000000010110,00000001010000000000000000010110,0.0,0.0,0.0,1
Orion-baseline,0,1,0.0,1.0,1.0,00000001010000000000000000010110,00000001010000000000000000010110,50,1,1.0,1.0,1.0,-7.125,-0.586,0.0,1.0,0.0,0.0,0.0,1.0,5,100.0,0.0,0.0,1.0,1.0,00000001010000000000000000010110,00000001010000000000000000010110,0.0,0.0,0.0,1
Orion-baseline,0,1,0.0,1.0,1.0,00000001010000000000000000010110,00000001010000000000000000010110,51,1,1.0,1.0,1.0,7.125,0.586,0.0,1.0,0.0,0.0,0.0,1.0,5,100.0,0.0,0.0,1.0,1.0,00000001010000000000000000010110,00000001010000000000000000010110,0.0,0.0,0.0,1
Orion-baseline,0,1,0.0,1.0,1.0,00000001010000000000000000010110,00000001010000000000000000010110,52,1,1.0,1.0,1.0,7.125,-0.586,0.0,1.0,0.0,0.0,0.0,1.0,5,100.0,0.0,0.0,1.0,1.0,00000001010000000000000000010110,00000001010000000000000000010110,0.0,0.0,0.0,1
Teuthus-baseline,3,0,0.0,1.0,1.0,00000001010000000000000000010000,00000001010000000000000000010110,0,0,1.0,1.0,1.0,0.0,0.0,0.0,1.0,0.0,0.0,0.0,1.0,5,100.0,0.0,0.0,1.0,1.0,00000001010000000000000000010000,00000001010000000000000000010110,0.0,0.0,0.0,1
Teuthus-baseline,0,1,0.0,1.0,1.0,00000001010000000000000000010000,00000001010000000000000000010110,0,0,1.0,1.0,1.0,0.0,0.0,0.0,1.0,0.0,0.0,0.0,1.0,5,100.0,0.0,0.0,1.0,1.0,00000001010000000000000000010000,00000001010000000000000000010110,0.0,0.0,0.0,1
Teuthus-baseline,0,1,0.0,1.0,1.0,00000001010000000000000000010000,00000001010000000000000000010110,0,0,1.0,1.0,1.0,0.0,0.0,0.0,1.0,0.0,0.0,0.0,1.0,5,100.0,0.0,0.0,1.0,1.0,00000001010000000000000000010000,00000001010000000000000000010110,0.0,0.0,0.0,1
Teuthus-baseline,1,0,0.0,1.0,1.0,00000001010000000000000000010000,00000001010000000000000000010110,0,0,1.0,1.0,1.0,0.0,0.0,0.0,1.0,0.0,0.0,0.0,1.0,5,100.0,0.0,0.0,1.0,1.0,00000001010000000000000000010000,00000001010000000000000000010110,0.0,0.0,0.0,1
Teuthus-baseline,1,0,0.0,1.0,1.0,00000000000000000000000000000000,00000001010000000000000000010110,4,0,1.0,1.0,1.0,0.95,0.0,0.72,0.0,0.0,0.0,1.0,0.01,5,100.0,0.0,0.0,1.0,1.0,00000000000000000000000000000000,00000001010000000000000000010110,0.0,0.0,0.0,1
Teuthus-baseline,1,0,0.0,1.0,1.0,00000000000000000000000000000000,00000001010000000000000000010110,5,0,1.0,1.0,1.0,0.95,0.0,1.28,0.0,0.0,0.0,1.0,0.01,5,100.0,0.0,0.0,1.0,1.0,00000000000000000000000000000000,00000001010000000000000000010110,0.0,0.0,0.0,1
Teuthus-baseline,1,0,0.0,1.0,1.0,00000000000000000000000000000000,00000001010000000000000000010110,6,0,1.0,1.0,1.0,0.95,0.0,1.84,0.0,0.0,0.0,1.0,0.01,5,100.0,0.0,0.0,1.0,1.0,00000000000000000000000000000000,00000001010000000000000000010110,0.0,0.0,0.0,1
Teuthus-baseline,1,0,0.0,1.0,1.0,00000000000000000000000000000000,00000001010000000000000000010110,7,0,1.0,1.0,1.0,0.95,0.0,2.4,0.0,0.0,0.0,1.0,0.01,5,100.0,0.0,0.0,1.0,1.0,00000000000000000000000000000000,00000001010000000000000000010110,0.0,0.0,0.0,1
Teuthus-baseline,1,1,0.0,1.0,1.0,00000000000000000000000000000000,00000001010000000000000000010110,8,0,1.0,1.0,1.0,0.95,0.0,2.96,0.0,0.0,0.0,1.0,0.01,5,100.0,0.0,0.0,1.0,1.0,00000000000000000000000000000000,00000001010000000000000000010110,0.0,0.0,0.0,1
Teuthus-baseline,1,1,0.0,1.0,1.0,00000000000000000000000000000001,00000001010000000000000000010110,9,1,1.0,1.0,1.0,0.95,0.0,3.332952,0.0,0.0,0.0,1.0,0.01,5,100.0,0.0,0.0,1.0,1.0,00000000000000000000000000000001,00000001010000000000000000010110,0.0,0.0,0.0,1
Teuthus-baseline,1,1,0.0,1.0,1.0,00000000000000000000000000000001,00000001010000000000000000010110,10,1,1.0,1.0,1.0,0.95,0.0,4.244,0.0,0.0,0.0,1.0,0.01,5,100.0,0.0,0.0,1.0,1.0,00000000000000000000000000000001,00000001010000000000000000010110,0.0,0.0,0.0,1
Teuthus-baseline,1,0,0.0,1.0,1.0,00000001010000000000000000010000,00000001010000000000000000010110,0,0,1.0,1.0,1.0,0.0,0.0,0.0,1.0,0.0,0.0,0.0,1.0,5,100.0,0.0,0.0,1.0,1.0,00000001010000000000000000010000,00000001010000000000000000010110,0.0,0.0,0.0,1
Teuthus-baseline,1,0,0.0,1.0,1.0,00000000000000000000000000000000,00000001010000000000000000010110,12,0,1.0,1.0,1.0,-0.95,0.0,0.72,0.0,0.0,0.0,1.0,0.01,5,100.0,0.0,0.0,1.0,1.0,00000000000000000000000000000000,00000001010000000000000000010110,0.0,0.0,0.0,1
Teuthus-baseline,1,0,0.0,1.0,1.0,00000000000000000000000000000000,00000001010000000000000000010110,13,0,1.0,1.0,1.0,-0.95,0.0,1.28,0.0,0.0,0.0,1.0,0.01,5,100.0,0.0,0.0,1.0,1.0,00000000000000000000000000000000,00000001010000000000000000010110,0.0,0.0,0.0,1
Teuthus-baseline,1,0,0.0,1.0,1.0,00000000000000000000000000000000,00000001010000000000000000010110,14,0,1.0,1.0,1.0,-0.95,0.0,1.84,0.0,0.0,0.0,1.0,0.01,5,100.0,0.0,0.0,1.0,1.0,00000000000000000000000000000000,00000001010000000000000000010110,0.0,0.0,0.0,1
Teuthus-baseline,1,0,0.0,1.0,1.0,00000000000000000000000000000000,00000001010000000000000000010110,15,0,1.0,1.0,1.0,-0.95,0.0,2.4,0.0,0.0,0.0,1.0,0.01,5,100.0,0.0,0.0,1.0,1.0,00000000000000000000000000000000,00000001010000000000000000010110,0.0,0.0,0.0,1
Teuthus-baseline,1,1,0.0,1.0,1.0,00000000000000000000000000000000,00000001010000000000000000010110,16,0,1.0,1.0,1.0,-0.95,0.0,2.96,0.0,0.0,0.0,1.0,0.01,5,100.0,0.0,0.0,1.0,1.0,00000000000000000000000000000000,00000001010000000000000000010110,0.0,0.0,0.0,1
Teuthus-baseline,1,1,0.0,1.0,1.0,00000000000000000000000000000001,00000001010000000000000000010110,17,1,1.0,1.0,1.0,-0.95,0.0,3.332952,0.0,0.0,0.0,1.0,0.01,5,100.0,0.0,0.0,1.0,1.0,00000000000000000000000000000001,00000001010000000000000000010110,0.0,0.0,0.0,1
Teuthus-baseline,1,1,0.0,1.0,1.0,00000000000000000000000000000001,00000001010000000000000000010110,18,1,1.0,1.0,1.0,-0.95,0.0,4.244,0.0,0.0,0.0,1.0,0.01,5,100.0,0.0,0.0,1.0,1.0,00000000000000000000000000000001,00000001010000000000000000010110,0.0,0.0,0.0,1
Teuthus-baseline,1,0,0.0,1.0,1.0,00000001010000000000000000010000,00000001010000000000000000010110,0,0,1.0,1.0,1.0,0.0,0.0,0.0,1.0,0.0,0.0,0.0,1.0,5,100.0,0.0,0.0,1.0,1.0,00000001010000000000000000010000,00000001010000000000000000010110,0.0,0.0,0.0,1
Teuthus-baseline,1,0,0.0,1.0,1.0,00000000000000000000000000000000,00000001010000000000000000010110,20,0,1.0,1.0,1.0,0.0,0.95,0.72,0.0,0.0,0.0,1.0,0.01,5,100.0,0.0,0.0,1.0,1.0,00000000000000000000000000000000,00000001010000000000000000010110,0.0,0.0,0.0,1
Teuthus-baseline,1,0,0.0,1.0,1.0,00000000000000000000000000000000,00000001010000000000000000010110,21,0,1.0,1.0,1.0,0.0,0.95,1.28,0.0,0.0,0.0,1.0,0.01,5,100.0,0.0,0.0,1.0,1.0,00000000000000000000000000000000,00000001010000000000000000010110,0.0,0.0,0.0,1
Teuthus-baseline,1,0,0.0,1.0,1.0,00000000000000000000000000000000,00000001010000000000000000010110,22,0,1.0,1.0,1.0,0.0,0.95,1.84,0.0,0.0,0.0,1.0,0.01,5,100.0,0.0,0.0,1.0,1.0,00000000000000000000000000000000,00000001010000000000000000010110,0.0,0.0,0.0,1
Teuthus-baseline,1,0,0.0,1.0,1.0,00000000000000000000000000000000,00000001010000000000000000010110,23,0,1.0,1.0,1.0,0.0,0.95,2.4,0.0,0.0,0.0,1.0,0.01,5,100.0,0.0,0.0,1.0,1.0,00000000000000000000000000000000,00000001010000000000000000010110,0.0,0.0,0.0,1
Teuthus-baseline,1,1,0.0,1.0,1.0,00000000000000000000000000000000,00000001010000000000000000010110,24,0,1.0,1.0,1.0,0.0,0.95,2.96,0.0,0.0,0.0,1.0,0.01,5,100.0,0.0,0.0,1.0,1.0,00000000000000000000000000000000,00000001010000000000000000010110,0.0,0.0,0.0,1
Teuthus-baseline,1,0,0.0,1.0,1.0,00000001010000000000000000010000,00000001010000000000000000010110,0,0,1.0,1.0,1.0,0.0,0.0,0.0,1.0,0.0,0.0,0.0,1.0,5,100.0,0.0,0.0,1.0,1.0,00000001010000000000000000010000,00000001010000000000000000010110,0.0,0.0,0.0,1
Teuthus-baseline,1,0,0.0,1.0,1.0,00000000000000000000000000000000,00000001010000000000000000010110,26,0,1.0,1.0,1.0,0.0,-0.95,0.72,0.0,0.0,0.0,1.0,0.01,5,100.0,0.0,0.0,1.0,1.0,00000000000000000000000000000000,00000001010000000000000000010110,0.0,0.0,0.0,1
Teuthus-baseline,1,0,0.0,1.0,1.0,00000000000000000000000000000000,00000001010000000000000000010110,27,0,1.0,1.0,1.0,0.0,-0.95,1.28,0.0,0.0,0.0,1.0,0.01,5,100.0,0.0,0.0,1.0,1.0,00000000000000000000000000000000,00000001010000000000000000010110,0.0,0.0,0.0,1
Teuthus-baseline,1,0,0.0,1.0,1.0,00000000000000000000000000000000,00000001010000000000000000010110,28,0,1.0,1.0,1.0,0.0,-0.95,1.84,0.0,0.0,0.0,1.0,0.01,5,100.0,0.0,0.0,1.0,1.0,00000000000000000000000000000000,00000001010000000000000000010110,0.0,0.0,0.0,1
Teuthus-baseline,1,0,0.0,1.0,1.0,00000000000000000000000000000000,00000001010000000000000000010110,29,0,1.0,1.0,1.0,0.0,-0.95,2.4,0.0,0.0,0.0,1.0,0.01,5,100.0,0.0,0.0,1.0,1.0,00000000000000000000000000000000,00000001010000000000000000010110,0.0,0.0,0.0,1
Teuthus-baseline,1,1,0.0,1.0,1.0,00000000000000000000000000000000,00000001010000000000000000010110,30,0,1.0,1.0,1.0,0.0,-0.95,2.96,0.0,0.0,0.0,1.0,0.01,5,100.0,0.0,0.0,1.0,1.0,00000000000000000000000000000000,00000001010000000000000000010110,0.0,0.0,0.0,1
TrailerAlpha-baseline,0,0,0.0,1.0,1.0,00000001010000000000000000010110,00000001010000000000000000010110,0,0,1.0,1.0,1.0,0.0,0.0,0.0,1.0,0.0,0.0,0.0,1.0,5,100.0,0.0,0.0,1.0,1.0,00000001010000000000000000010110,00000001010000000000000000010110,0.0,0.0,0.0,1
TrailerBeta-baseline,0,0,0.0,1.0,1.0,00000001010000000000000000010110,00000001010000000000000000010110,0,0,1.0,1.0,1.0,0.0,0.0,0.0,1.0,0.0,0.0,0.0,1.0,5,100.0,0.0,0.0,1.0,1.0,00000001010000000000000000010110,00000001010000000000000000010110,0.0,0.0,0.0,1
TrailerBeta-baseline,0,0,0.0,1.0,1.0,00000001010000000000000000010110,00000001010000000000000000010110,1,0,1.0,1.0,1.0,0.0,0.0,-2.0,1.0,0.0,0.0,0.0,1.0,5,100.0,0.0,0.0,1.0,1.0,00000001010000000000000000010110,00000001010000000000000000010110,0.0,0.0,0.0,1
TrailerBeta-baseline,0,0,0.0,1.0,1.0,00000001010000000000000000010110,00000001010000000000000000010110,2,0,1.0,1.0,1.0,0.0,0.0,-4.0,1.0,0.0,0.0,0.0,1.0,5,100.0,0.0,0.0,1.0,1.0,00000001010000000000000000010110,00000001010000000000000000010110,0.0,0.0,0.0,1
TrailerBeta-baseline,0,0,0.0,1.0,1.0,00000001010000000000000000010110,00000001010000000000000000010110,3,0,1.0,1.0,1.0,0.0,0.0,-6.0,1.0,0.0,0.0,0.0,1.0,5,100.0,0.0,0.0,1.0,1.0,00000001010000000000000000010110,00000001010000000000000000010110,0.0,0.0,0.0,1
Vermis-baseline,1,0,0.0,1.0,1.0,00000001010000000010000000010000,00000001010000000000000000010110,0,1,1.0,1.0,1.0,0.0,0.0,0.0,1.0,0.0,0.0,0.0,1.0,5,1000.0,0.0,0.0,1.0,1.0,00000001010000000010000000010000,00000001010000000000000000010110,0.0,0.0,0.0,1
Vermis-baseline,1,0,0.0,1.0,1.0,00000000000000000000000000000000,00000001010000000000000000010110,1,0,1.0,1.0,1.0,0.0,0.0,-1.850857,1.0,0.0,0.0,0.0,0.05,5,-1.0,0.0,0.0,1.0,1.0,00000000000000000000000000000000,00000001010000000000000000010110,0.0,0.0,0.0,1
Vermis-baseline,1,0,0.0,1.0,1.0,00000000000000000000000000000000,00000001010000000000000000010110,2,0,1.24,1.24,1.0,0.0,0.0,-3.81416,1.0,0.0,0.0,0.0,0.045,5,-1.0,0.0,0.0,1.0,1.0,00000000000000000000000000000000,00000001010000000000000000010110,0.0,0.0,0.0,1
Vermis-baseline,1,0,0.0,1.0,1.0,00000000000000000000000000000000,00000001010000000000000000010110,3,0,1.5,1.5,0.93,0.0,0.0,-5.792092,1.0,0.0,0.0,0.0,0.04,5,-1.0,0.0,0.0,1.0,1.0,00000000000000000000000000000000,00000001010000000000000000010110,0.0,0.0,0.0,1
Vermis-baseline,1,0,0.0,1.0,1.0,00000000000000000000000000000000,00000001010000000000000000010110,4,0,0.74,0.74,1.0,0.0,0.0,-7.736513,1.0,0.0,0.0,0.0,0.035,5,-1.0,0.0,0.0,1.0,1.0,00000000000000000000000000000000,00000001010000000000000000010110,0.0,0.0,0.0,1
Vermis-baseline,1,0,0.0,1.0,1.0,00000000000000000000000000000000,00000001010000000000000000010110,5,0,0.93,0.93,0.93,0.0,0.0,-9.630841,1.0,0.0,0.0,0.0,0.03,5,-1.0,0.0,0.0,1.0,1.0,00000000000000000000000000000000,00000001010000000000000000010110,0.0,0.0,0.0,1
Vermis-baseline,1,0,0.0,1.0,1.0,00000000000000000000000000000000,00000001010000000000000000010110,6,0,1.14,1.14,0.84,0.0,0.0,-11.460143,1.0,0.0,0.0,0.0,0.025,5,-1.0,0.0,0.0,1.0,1.0,00000000000000000000000000000000,00000001010000000000000000010110,0.0,0.0,0.0,1
Vermis-baseline,1,0,0.0,1.0,1.0,00000000000000000000000000000000,00000001010000000000000000010110,7,0,0.53,0.53,0.86,0.0,0.0,-13.193,1.0,0.0,0.0,0.0,0.02,5,-1.0,0.0,0.0,1.0,1.0,00000000000000000000000000000000,00000001010000000000000000010110,0.0,0.0,0.0,1
Vermis-baseline,3,1,0.0,1.0,1.0,00000001010000000010000000010000,00000001010000000000000000010110,0,1,1.0,1.0,1.0,0.0,0.0,0.0,1.0,0.0,0.0,0.0,1.0,5,1000.0,0.0,0.0,1.0,1.0,00000001010000000010000000010000,00000001010000000000000000010110,0.0,0.0,0.0,1
Vermis-baseline,3,1,0.0,1.0,1.0,00000000000000000000000000000000,00000001010000000000000000010110,1,0,1.0,1.0,1.0,0.0,0.0,-1.850857,1.0,0.0,0.0,0.0,0.05,5,-1.0,0.0,0.0,1.0,1.0,00000000000000000000000000000000,00000001010000000000000000010110,0.0,0.0,0.0,1
Vermis-baseline,3,1,0.0,1.0,1.0,00000000000000000000000000000000,00000001010000000000000000010110,1,0,1.0,1.0,1.0,0.0,0.0,-1.850857,1.0,0.0,0.0,0.0,0.05,5,-1.0,0.0,0.0,1.0,1.0,00000000000000000000000000000000,00000001010000000000000000010110,0.0,0.0,0.0,1
Vermis-baseline,3,1,0.0,1.0,1.0,00000000000000000000000000000000,00000001010000000000000000010110,1,0,1.0,1.0,1.0,0.0,0.0,-1.850857,1.0,0.0,0.0,0.0,0.05,5,-1.0,0.0,0.0,1.0,1.0,00000000000000000000000000000000,00000001010000000000000000010110,0.0,0.0,0.0,1
Vermis-baseline,3,1,0.0,1.0,1.0,00000000000000000000000000000000,00000001010000000000000000010110,1,0,1.0,1.0,1.0,0.0,0.0,-1.850857,1.0,0.0,0.0,0.0,0.05,5,-1.0,0.0,0.0,1.0,1.0,00000000000000000000000000000000,00000001010000000000000000010110,0.0,0.0,0.0,1
Vermis-baseline,3,1,0.0,1.0,1.0,00000000000000000000000000000000,00000001010000000000000000010110,2,0,1.24,1.24,1.0,0.0,0.0,-3.81416,1.0,0.0,0.0,0.0,0.045,5,-1.0,0.0,0.0,1.0,1.0,00000000000000000000000000000000,00000001010000000000000000010110,0.0,0.0,0.0,1
Vermis-baseline,3,1,0.0,1.0,1.0,00000000000000000000000000000000,00000001010000000000000000010110,2,0,1.24,1.24,1.0,0.0,0.0,-3.81416,1.0,0.0,0.0,0.0,0.045,5,-1.0,0.0,0.0,1.0,1.0,00000000000000000000000000000000,00000001010000000000000000010110,0.0,0.0,0.0,1
Vermis-baseline,3,1,0.0,1.0,1.0,00000000000000000000000000000000,00000001010000000000000000010110,4,0,0.74,0.74,1.0,0.0,0.0,-7.736513,1.0,0.0,0.0,0.0,0.035,5,-1.0,0.0,0.0,1.0,1.0,00000000000000000000000000000000,00000001010000000000000000010110,0.0,0.0,0.0,1
Vermis-baseline,3,1,0.0,1.0,1.0,00000000000000000000000000000000,00000001010000000000000000010110,4,0,0.74,0.74,1.0,0.0,0.0,-7.736513,1.0,0.0,0.0,0.0,0.035,5,-1.0,0.0,0.0,1.0,1.0,00000000000000000000000000000000,00000001010000000000000000010110,0.0,0.0,0.0,1
Vermis-baseline,3,1,0.0,1.0,1.0,00000000000000000000000000000000,00000001010000000000000000010110,6,0,1.14,1.14,0.84,0.0,0.0,-11.460143,1.0,0.0,0.0,0.0,0.025,5,-1.0,0.0,0.0,1.0,1.0,00000000000000000000000000000000,00000001010000000000000000010110,0.0,0.0,0.0,1
Vermis-baseline,3,1,0.0,1.0,1.0,00000000000000000000000000000000,00000001010000000000000000010110,6,0,1.14,1.14,0.84,0.0,0.0,-11.460143,1.0,0.0,0.0,0.0,0.025,5,-1.0,0.0,0.0,1.0,1.0,00000000000000000000000000000000,00000001010000000000000000010110,0.0,0.0,0.0,1
Vermis-baseline,3,1,0.0,1.0,1.0,00000000000000000000000000000000,00000001010000000000000000010110,8,0,0.6,0.6,0.75,0.0,0.0,-14.799787,1.0,0.0,0.0,0.0,0.03,5,-1.0,0.0,0.0,1.0,1.0,00000000000000000000000000000000,00000001010000000000000000010110,0.0,0.0,0.0,1
Vermis-baseline,3,1,0.0,1.0,1.0,00000000000000000000000000000000,00000001010000000000000000010110,8,0,0.6,0.6,0.75,0.0,0.0,-14.799787,1.0,0.0,0.0,0.0,0.03,5,-1.0,0.0,0.0,1.0,1.0,00000000000000000000000000000000,00000001010000000000000000010110,0.0,0.0,0.0,1
Vermis-baseline,0,1,0.0,1.0,1.0,00000000000000000000000000000000,00000001010000000000000000010110,1,0,1.0,1.0,1.0,0.0,0.0,-1.850857,1.0,0.0,0.0,0.0,0.05,5,-1.0,0.0,0.0,1.0,1.0,00000000000000000000000000000000,00000001010000000000000000010110,0.0,0.0,0.0,1
Vermis-baseline,0,1,0.0,1.0,1.0,00000000000000000000000000000000,00000001010000000000000000010110,1,0,1.0,1.0,1.0,0.0,0.0,-1.850857,1.0,0.0,0.0,0.0,0.05,5,-1.0,0.0,0.0,1.0,1.0,00000000000000000000000000000000,00000001010000000000000000010110,0.0,0.0,0.0,1
Vermis-baseline,0,1,0.0,1.0,1.0,00000000000000000000000000000000,00000001010000000000000000010110,1,0,1.0,1.0,1.0,0.0,0.0,-1.850857,1.0,0.0,0.0,0.0,0.05,5,-1.0,0.0,0.0,1.0,1.0,00000000000000000000000000000000,00000001010000000000000000010110,0.0,0.0,0.0,1
Vermis-baseline,0,1,0.0,1.0,1.0,00000000000000000000000000000000,00000001010000000000000000010110,1,0,1.0,1.0,1.0,0.0,0.0,-1.850857,1.0,0.0,0.0,0.0,0.05,5,-1.0,0.0,0.0,1.0,1.0,00000000000000000000000000000000,00000001010000000000000000010110,0.0,0.0,0.0,1
Vermis-baseline,0,1,0.0,1.0,1.0,00000000000000000000000000000000,00000001010000000000000000010110,2,0,1.24,1.24,1.0,0.0,0.0,-3.81416,1.0,0.0,0.0,0.0,0.045,5,-1.0,0.0,0.0,1.0,1.0,00000000000000000000000000000000,00000001010000000000000000010110,0.0,0.0,0.0,1
Vermis-baseline,0,1,0.0,1.0,1.0,00000000000000000000000000000000,00000001010000000000000000010110,2,0,1.24,1.24,1.0,0.0,0.0,-3.81416,1.0,0.0,0.0,0.0,0.045,5,-1.0,0.0,0.0,1.0,1.0,00000000000000000000000000000000,00000001010000000000000000010110,0.0,0.0,0.0,1
Vermis-baseline,0,1,0.0,1.0,1.0,00000000000000000000000000000000,00000001010000000000000000010110,4,0,0.74,0.74,1.0,0.0,0.0,-7.736513,1.0,0.0,0.0,0.0,0.035,5,-1.0,0.0,0.0,1.0,1.0,00000000000000000000000000000000,00000001010000000000000000010110,0.0,0.0,0.0,1
Vermis-baseline,0,1,0.0,1.0,1.0,00000000000000000000000000000000,00000001010000000000000000010110,4,0,0.74,0.74,1.0,0.0,0.0,-7.736513,1.0,0.0,0.0,0.0,0.035,5,-1.0,0.0,0.0,1.0,1.0,00000000000000000000000000000000,00000001010000000000000000010110,0.0,0.0,0.0,1
Vermis-baseline,0,1,0.0,1.0,1.0,00000000000000000000000000000000,00000001010000000000000000010110,6,0,1.14,1.14,0.84,0.0,0.0,-11.460143,1.0,0.0,0.0,0.0,0.025,5,-1.0,0.0,0.0,1.0,1.0,00000000000000000000000000000000,00000001010000000000000000010110,0.0,0.0,0.0,1
Vermis-baseline,0,1,0.0,1.0,1.0,00000000000000000000000000000000,00000001010000000000000000010110,6,0,1.14,1.14,0.84,0.0,0.0,-11.460143,1.0,0.0,0.0,0.0,0.025,5,-1.0,0.0,0.0,1.0,1.0,00000000000000000000000000000000,00000001010000000000000000010110,0.0,0.0,0.0,1
Vermis-baseline,0,1,0.0,1.0,1.0,00000000000000000000000000000000,00000001010000000000000000010110,8,0,0.6,0.6,0.75,0.0,0.0,-14.799787,1.0,0.0,0.0,0.0,0.03,5,-1.0,0.0,0.0,1.0,1.0,00000000000000000000000000000000,00000001010000000000000000010110,0.0,0.0,0.0,1
Vermis-baseline,0,1,0.0,1.0,1.0,00000000000000000000000000000000,00000001010000000000000000010110,8,0,0.6,0.6,0.75,0.0,0.0,-14.799787,1.0,0.0,0.0,0.0,0.03,5,-1.0,0.0,0.0,1.0,1.0,00000000000000000000000000000000,00000001010000000000000000010110,0.0,0.0,0.0,1
Vermis-baseline,0,1,0.0,1.0,1.0,00000000000000000000000000000000,00000001010000000000000000010110,10,1,1.0,1.0,1.0,0.0,0.0,2.276,1.0,0.0,0.0,0.0,-0.01,5,-1.0,0.0,0.0,1.0,1.0,00000000000000000000000000000000,00000001010000000000000000010110,0.0,0.0,0.0,1
Vermis-baseline,0,1,0.0,1.0,1.0,00000000000000000000000000000000,00000001010000000000000000010110,12,0,1.0,1.0,1.0,-5.366,0.0,-1.617,1.0,0.0,0.0,0.0,0.01,5,-1.0,0.0,0.0,1.0,1.0,00000000000000000000000000000000,00000001010000000000000000010110,0.0,0.0,0.0,1
Vermis-baseline,0,1,0.0,1.0,1.0,00000000000000000000000000000000,00000001010000000000000000010110,12,0,1.0,1.0,1.0,-5.366,0.0,-1.617,1.0,0.0,0.0,0.0,0.01,5,-1.0,0.0,0.0,1.0,1.0,00000000000000000000000000000000,00000001010000000000000000010110,0.0,0.0,0.0,1
Vermis-baseline,0,1,0.0,1.0,1.0,00000000000000000000000000000000,00000001010000000000000000010110,10,1,1.0,1.0,1.0,0.0,0.0,2.276,1.0,0.0,0.0,0.0,-0.01,5,-1.0,0.0,0.0,1.0,1.0,00000000000000000000000000000000,00000001010000000000000000010110,0.0,0.0,0.0,1
Vermis-baseline,0,1,0.0,1.0,1.0,00000000000000000000000000000000,00000001010000000000000000010110,10,1,1.0,1.0,1.0,0.0,0.0,2.276,1.0,0.0,0.0,0.0,-0.01,5,-1.0,0.0,0.0,1.0,1.0,00000000000000000000000000000000,00000001010000000000000000010110,0.0,0.0,0.0,1
VermisChild-baseline,1,1,0.0,1.0,1.0,00000001010000000000000000010110,00000001010000000000000000010110,0,1,1.0,1.0,1.0,0.0,0.0,0.0,1.0,0.0,0.0,0.0,100.0,5,100.0,0.0,0.0,1.0,1.0,00000001010000000000000000010110,00000001010000000000000000010110,0.0,0.0,0.0,1
VermisChild-baseline,1,1,0.0,1.0,1.0,00000001010000000000000000010110,00000001010000000000000000010110,1,1,1.0,1.0,1.0,0.0,0.0,-1.850857,1.0,0.0,0.0,0.0,5.0,5,100.0,0.0,0.0,1.0,1.0,00000001010000000000000000010110,00000001010000000000000000010110,0.0,0.0,0.0,1
VermisChild-baseline,1,1,0.0,1.0,1.0,00000001010000000000000000010110,00000001010000000000000000010110,2,1,1.24,1.24,1.0,0.0,0.0,-3.81416,1.0,0.0,0.0,0.0,4.5,5,100.0,0.0,0.0,1.0,1.0,00000001010000000000000000010110,00000001010000000000000000010110,0.0,0.0,0.0,1
VermisChild-baseline,1,1,0.0,1.0,1.0,00000001010000000000000000010110,00000001010000000000000000010110,3,1,1.5,1.5,0.93,0.0,0.0,-5.792092,1.0,0.0,0.0,0.0,4.0,5,100.0,0.0,0.0,1.0,1.0,00000001010000000000000000010110,00000001010000000000000000010110,0.0,0.0,0.0,1
VermisChild-baseline,1,1,0.0,1.0,1.0,00000001010000000000000000010110,00000001010000000000000000010110,4,1,0.74,0.74,1.0,0.0,0.0,-7.736513,1.0,0.0,0.0,0.0,3.5,5,100.0,0.0,0.0,1.0,1.0,00000001010000000000000000010110,00000001010000000000000000010110,0.0,0.0,0.0,1
VermisChild-baseline,1,1,0.0,1.0,1.0,00000001010000000000000000010110,00000001010000000000000000010110,5,1,0.93,0.93,0.93,0.0,0.0,-9.630841,1.0,0.0,0.0,0.0,3.0,5,100.0,0.0,0.0,1.0,1.0,00000001010000000000000000010110,00000001010000000000000000010110,0.0,0.0,0.0,1
VermisChild-baseline,1,1,0.0,1.0,1.0,00000001010000000000000000010110,00000001010000000000000000010110,6,1,1.14,1.14,0.84,0.0,0.0,-11.460143,1.0,0.0,0.0,0.0,2.5,5,100.0,0.0,0.0,1.0,1.0,00000001010000000000000000010110,00000001010000000000000000010110,0.0,0.0,0.0,1
VermisChild-baseline,1,1,0.0,1.0,1.0,00000001010000000000000000010110,00000001010000000000000000010110,7,1,0.53,0.53,0.86,0.0,0.0,-13.193,1.0,0.0,0.0,0.0,2.0,5,100.0,0.0,0.0,1.0,1.0,00000001010000000000000000010110,00000001010000000000000000010110,0.0,0.0,0.0,1
VermisChild-baseline,1,1,0.0,1.0,1.0,00000001010000000000000000010110,00000001010000000000000000010110,8,1,0.6,0.6,0.75,0.0,0.0,-14.799787,1.0,0.0,0.0,0.0,1.5,5,100.0,0.0,0.0,1.0,1.0,00000001010000000000000000010110,00000001010000000000000000010110,0.0,0.0,0.0,1
WingAlpha-baseline,0,0,0.0,1.0,1.0,00000001010000000000000000010110,00000001010000000000000000010110,0,0,1.0,1.0,1.0,0.0,0.0,0.0,1.0,0.0,0.0,0.0,10.0,5,100.0,0.0,0.0,1.0,1.0,00000001010000000000000000010110,00000001010000000000000000010110,0.0,0.0,0.0,1
WingAlpha-baseline,0,0,0.0,1.0,1.0,00000001010000000000000000010110,00000001010000000000000000010110,0,0,1.0,1.0,1.0,0.0,0.0,0.0,1.0,0.0,0.0,0.0,10.0,5,100.0,0.0,0.0,1.0,1.0,00000001010000000000000000010110,00000001010000000000000000010110,0.0,0.0,0.0,1
